Third_dose_week,age_group,group_size,verified_2021-08-01 - 2021-08-07,verified_2021-08-08 - 2021-08-14,verified_2021-08-15 - 2021-08-21,verified_2021-08-22 - 2021-08-28,verified_2021-08-29 - 2021-09-04,verified_2021-09-05 - 2021-09-11,verified_2021-09-12 - 2021-09-18,verified_2021-09-19 - 2021-09-25,verified_2021-09-26 - 2021-10-02,verified_2021-10-03 - 2021-10-09,verified_2021-10-10 - 2021-10-16,verified_2021-10-17 - 2021-10-23,verified_2021-10-24 - 2021-10-30,verified_2021-10-31 - 2021-11-06,verified_2021-11-07 - 2021-11-13,verified_2021-11-14 - 2021-11-20,verified_2021-11-21 - 2021-11-27,verified_2021-11-28 - 2021-12-04,verified_2021-12-05 - 2021-12-11,verified_2021-12-12 - 2021-12-18,verified_2021-12-19 - 2021-12-25,verified_2021-12-26 - 2022-01-01,verified_2022-01-02 - 2022-01-08,verified_2022-01-09 - 2022-01-15,verified_2022-01-16 - 2022-01-22,verified_2022-01-23 - 2022-01-29,verified_2022-01-30 - 2022-02-05,verified_2022-02-06 - 2022-02-12,verified_2022-02-13 - 2022-02-19,verified_2022-02-20 - 2022-02-26,verified_2022-02-27 - 2022-03-05,verified_2022-03-06 - 2022-03-12,verified_2022-03-13 - 2022-03-19,verified_2022-03-20 - 2022-03-26,verified_2022-03-27 - 2022-04-02,verified_2022-04-03 - 2022-04-09,verified_2022-04-10 - 2022-04-16,verified_2022-04-17 - 2022-04-23,verified_2022-04-24 - 2022-04-30,verified_2022-05-01 - 2022-05-07,verified_2022-05-08 - 2022-05-14,verified_2022-05-15 - 2022-05-21,verified_2022-05-22 - 2022-05-28,verified_2022-05-29 - 2022-06-04,verified_2022-06-05 - 2022-06-11,verified_2022-06-12 - 2022-06-18,verified_2022-06-19 - 2022-06-25,verified_2022-06-26 - 2022-07-02
2021-07-25 - 2021-07-31,60+,11450,18.0,10-14,10-14,6-10,10-14,6-10,1-5,1-5,1-5,1-5,1-5,1-5,1-5,1-5,,1-5,,1-5,1-5,1-5,6-10,21.0,112.0,232.0,263.0,248.0,214.0,153.0,97.0,86.0,72.0,66.0,101.0,161.0,221.0,143.0,83.0,95.0,71.0,67.0,63.0,57.0,68.0,89.0,141.0,206.0,252.0,211.0
2021-07-25 - 2021-07-31,<60,789,1-5,1-5,1-5,1-5,1-5,1-5,1-5,,1-5,,,,,1-5,,,,,,,1-5,1-5,10-14,26.0,39.0,36.0,26.0,20.0,10-14,10-14,6-10,6-10,6-10,6-10,10-14,10-14,6-10,1-5,1-5,1-5,,1-5,1-5,1-5,1-5,6-10,10-14,6-10
2021-08-01 - 2021-08-07,60+,407996,199.0,900.0,324.0,166.0,167.0,138.0,153.0,149.0,97.0,58.0,34.0,32.0,22.0,21.0,32.0,27.0,10-14,29.0,26.0,60.0,213.0,828.0,3289.0,9667.0,10982.0,9216.0,7577.0,5377.0,3484.0,2431.0,2110.0,1982.0,2503.0,4620.0,5596.0,4449.0,2930.0,2624.0,2258.0,1406.0,1413.0,1582.0,1764.0,2267.0,4028.0,5520.0,7373.0,6149.0
2021-08-01 - 2021-08-07,<60,1799,1-5,1-5,1-5,1-5,1-5,1-5,1-5,1-5,1-5,,,,1-5,,,1-5,,,,,1-5,1-5,25.0,47.0,87.0,80.0,57.0,40.0,29.0,15.0,17.0,10-14,6-10,37.0,21.0,25.0,6-10,1-5,10-14,1-5,1-5,10-14,6-10,17.0,22.0,18.0,24.0,20.0
2021-08-08 - 2021-08-14,60+,390727,,365.0,966.0,358.0,201.0,131.0,141.0,127.0,94.0,73.0,43.0,37.0,17.0,21.0,26.0,16.0,22.0,26.0,41.0,34.0,150.0,607.0,2600.0,9054.0,12214.0,10945.0,8590.0,5703.0,3648.0,2391.0,1932.0,1750.0,2076.0,3732.0,4459.0,3526.0,2389.0,2000.0,1672.0,973.0,1052.0,1076.0,1188.0,1614.0,2761.0,4086.0,5706.0,4701.0
2021-08-08 - 2021-08-14,<60,51706,,6-10,169.0,71.0,31.0,21.0,26.0,26.0,10-14,6-10,15.0,6-10,6-10,1-5,1-5,1-5,6-10,6-10,6-10,20.0,62.0,185.0,664.0,1824.0,2751.0,2890.0,2209.0,1481.0,909.0,608.0,498.0,455.0,556.0,906.0,991.0,628.0,368.0,343.0,315.0,168.0,148.0,204.0,183.0,253.0,415.0,638.0,798.0,628.0
2021-08-15 - 2021-08-21,60+,184610,,,228.0,511.0,169.0,65.0,64.0,46.0,43.0,39.0,20.0,10-14,17.0,6-10,1-5,6-10,6-10,6-10,10-14,28.0,61.0,248.0,1007.0,4061.0,5903.0,6105.0,4767.0,2921.0,1772.0,1114.0,878.0,720.0,890.0,1563.0,1889.0,1450.0,954.0,792.0,665.0,407.0,366.0,416.0,366.0,520.0,879.0,1541.0,2297.0,1862.0
2021-08-15 - 2021-08-21,<60,332562,,,353.0,1118.0,327.0,157.0,184.0,140.0,124.0,64.0,67.0,48.0,30.0,19.0,33.0,26.0,51.0,39.0,52.0,133.0,321.0,1144.0,4484.0,12227.0,18089.0,18882.0,15084.0,10196.0,6264.0,3998.0,3003.0,2696.0,3309.0,5863.0,5610.0,3774.0,2379.0,1784.0,1324.0,850.0,955.0,1013.0,912.0,1200.0,2077.0,3171.0,4241.0,3785.0
2021-08-22 - 2021-08-28,60+,83310,,,,93.0,235.0,60.0,29.0,20.0,24.0,10-14,6-10,10-14,1-5,1-5,1-5,1-5,1-5,1-5,1-5,6-10,25.0,97.0,447.0,1821.0,2769.0,2788.0,2177.0,1382.0,782.0,506.0,375.0,294.0,358.0,628.0,780.0,589.0,409.0,326.0,312.0,155.0,160.0,159.0,133.0,208.0,347.0,575.0,865.0,736.0
2021-08-22 - 2021-08-28,<60,505198,,,,758.0,1820.0,408.0,350.0,295.0,200.0,142.0,111.0,96.0,80.0,41.0,40.0,51.0,82.0,94.0,136.0,214.0,481.0,1911.0,8043.0,19843.0,30410.0,30314.0,25349.0,17339.0,10162.0,6320.0,4515.0,4064.0,4844.0,8808.0,8392.0,5129.0,3150.0,2399.0,1744.0,1301.0,1248.0,1229.0,1113.0,1435.0,2623.0,3984.0,5428.0,4770.0
2021-08-29 - 2021-09-04,60+,44752,,,,,34.0,94.0,33.0,15.0,1-5,6-10,1-5,1-5,1-5,1-5,1-5,1-5,1-5,1-5,1-5,1-5,10-14,58.0,227.0,861.0,1290.0,1390.0,1139.0,749.0,434.0,253.0,184.0,162.0,199.0,330.0,419.0,320.0,228.0,150.0,129.0,101.0,94.0,92.0,87.0,108.0,193.0,307.0,398.0,366.0
2021-08-29 - 2021-09-04,<60,578341,,,,,922.0,1793.0,490.0,263.0,180.0,106.0,105.0,77.0,34.0,47.0,43.0,51.0,66.0,82.0,129.0,251.0,591.0,2304.0,11111.0,25360.0,35997.0,36478.0,29500.0,19110.0,11609.0,7229.0,5456.0,4779.0,5619.0,11480.0,9196.0,5473.0,3130.0,2317.0,1766.0,1119.0,1286.0,1211.0,1093.0,1393.0,2530.0,3818.0,5221.0,4405.0
2021-09-05 - 2021-09-11,60+,16630,,,,,,17.0,20.0,6-10,1-5,1-5,1-5,,,1-5,,1-5,1-5,1-5,,1-5,6-10,20.0,71.0,296.0,433.0,521.0,395.0,264.0,137.0,98.0,67.0,49.0,70.0,124.0,143.0,113.0,81.0,66.0,52.0,33.0,20.0,33.0,36.0,37.0,72.0,114.0,129.0,149.0
2021-09-05 - 2021-09-11,<60,218039,,,,,,304.0,578.0,119.0,67.0,39.0,32.0,32.0,19.0,18.0,6-10,17.0,24.0,26.0,40.0,82.0,239.0,801.0,3910.0,8812.0,13319.0,13860.0,11241.0,7155.0,4214.0,2828.0,1902.0,1669.0,1932.0,4137.0,3356.0,1908.0,1100.0,832.0,589.0,355.0,428.0,409.0,365.0,457.0,811.0,1299.0,1876.0,1625.0
2021-09-12 - 2021-09-18,60+,18505,,,,,,,10-14,34.0,6-10,1-5,1-5,1-5,,1-5,1-5,1-5,1-5,1-5,,1-5,6-10,27.0,73.0,272.0,467.0,554.0,475.0,327.0,164.0,102.0,70.0,64.0,68.0,144.0,151.0,127.0,88.0,73.0,59.0,31.0,35.0,34.0,29.0,49.0,66.0,113.0,148.0,169.0
2021-09-12 - 2021-09-18,<60,206505,,,,,,,249.0,397.0,69.0,31.0,24.0,24.0,15.0,10-14,6-10,19.0,15.0,26.0,38.0,69.0,176.0,649.0,3254.0,7944.0,12153.0,13070.0,10255.0,6444.0,3843.0,2355.0,1692.0,1396.0,1624.0,3463.0,2844.0,1661.0,1008.0,784.0,589.0,392.0,394.0,366.0,267.0,422.0,759.0,1285.0,1758.0,1526.0
2021-09-19 - 2021-09-25,60+,16191,,,,,,,,10-14,10-14,1-5,1-5,,1-5,,,1-5,,,,1-5,1-5,18.0,90.0,233.0,460.0,463.0,386.0,255.0,138.0,91.0,75.0,55.0,65.0,116.0,140.0,90.0,84.0,65.0,42.0,31.0,29.0,30.0,25.0,26.0,62.0,115.0,144.0,140.0
2021-09-19 - 2021-09-25,<60,139336,,,,,,,,85.0,157.0,22.0,6-10,10-14,1-5,1-5,1-5,6-10,6-10,17.0,16.0,42.0,115.0,367.0,1792.0,4859.0,7937.0,8079.0,6577.0,4348.0,2539.0,1567.0,1117.0,906.0,970.0,2118.0,1953.0,1124.0,671.0,440.0,348.0,239.0,249.0,255.0,219.0,268.0,554.0,857.0,1084.0,1076.0
2021-09-26 - 2021-10-02,60+,23872,,,,,,,,,1-5,17.0,6-10,1-5,,1-5,1-5,,1-5,1-5,1-5,1-5,1-5,25.0,109.0,378.0,627.0,743.0,642.0,409.0,230.0,143.0,108.0,94.0,76.0,181.0,201.0,177.0,83.0,85.0,87.0,37.0,38.0,38.0,33.0,45.0,102.0,136.0,223.0,207.0
2021-09-26 - 2021-10-02,<60,258041,,,,,,,,,105.0,257.0,40.0,25.0,15.0,23.0,10-14,15.0,26.0,25.0,48.0,58.0,164.0,657.0,3111.0,8883.0,14913.0,15389.0,12213.0,7614.0,4361.0,2537.0,1766.0,1461.0,1607.0,3373.0,2992.0,1765.0,1048.0,744.0,614.0,398.0,440.0,390.0,363.0,425.0,874.0,1423.0,2054.0,1925.0
2021-10-03 - 2021-10-09,60+,21948,,,,,,,,,,6-10,10-14,1-5,,,1-5,1-5,1-5,,1-5,1-5,6-10,18.0,91.0,296.0,583.0,662.0,541.0,301.0,209.0,87.0,77.0,61.0,63.0,123.0,135.0,114.0,91.0,92.0,49.0,39.0,34.0,31.0,34.0,32.0,71.0,120.0,176.0,156.0
2021-10-03 - 2021-10-09,<60,235981,,,,,,,,,,90.0,140.0,19.0,15.0,20.0,6-10,6-10,10-14,26.0,31.0,66.0,133.0,504.0,2310.0,6830.0,12430.0,12699.0,9674.0,5838.0,3250.0,1867.0,1290.0,1037.0,1119.0,2302.0,2031.0,1333.0,759.0,540.0,416.0,268.0,333.0,293.0,243.0,312.0,602.0,1000.0,1522.0,1520.0
2021-10-10 - 2021-10-16,60+,8799,,,,,,,,,,,1-5,1-5,,,,,,,,1-5,1-5,6-10,33.0,110.0,203.0,231.0,174.0,113.0,73.0,46.0,25.0,23.0,24.0,48.0,62.0,41.0,29.0,27.0,26.0,10-14,10-14,10-14,16.0,21.0,21.0,31.0,64.0,54.0
2021-10-10 - 2021-10-16,<60,88479,,,,,,,,,,,16.0,39.0,6-10,6-10,1-5,1-5,1-5,6-10,1-5,6-10,48.0,156.0,775.0,2288.0,4145.0,4498.0,3273.0,1996.0,1167.0,635.0,413.0,362.0,368.0,778.0,716.0,464.0,237.0,173.0,156.0,115.0,108.0,99.0,80.0,97.0,210.0,357.0,487.0,554.0
2021-10-17 - 2021-10-23,60+,5845,,,,,,,,,,,,,1-5,,,,,,,1-5,1-5,6-10,19.0,67.0,128.0,148.0,119.0,65.0,37.0,22.0,24.0,18.0,17.0,26.0,39.0,35.0,16.0,20.0,10-14,10-14,1-5,6-10,6-10,6-10,30.0,21.0,53.0,46.0
2021-10-17 - 2021-10-23,<60,56917,,,,,,,,,,,,6-10,10-14,6-10,1-5,1-5,1-5,1-5,6-10,10-14,38.0,110.0,486.0,1400.0,2624.0,2655.0,2081.0,1228.0,733.0,426.0,289.0,251.0,260.0,542.0,466.0,282.0,165.0,125.0,102.0,49.0,72.0,46.0,52.0,87.0,118.0,187.0,353.0,326.0
2021-10-24 - 2021-10-30,60+,4991,,,,,,,,,,,,,1-5,1-5,1-5,,,,,,,1-5,10-14,49.0,93.0,127.0,93.0,68.0,51.0,21.0,10-14,10-14,10-14,26.0,36.0,21.0,27.0,10-14,6-10,6-10,6-10,6-10,6-10,6-10,15.0,24.0,26.0,40.0
2021-10-24 - 2021-10-30,<60,44301,,,,,,,,,,,,,6-10,20.0,1-5,1-5,1-5,1-5,1-5,6-10,21.0,63.0,293.0,960.0,1826.0,1913.0,1483.0,932.0,501.0,298.0,215.0,167.0,185.0,340.0,333.0,241.0,140.0,103.0,79.0,42.0,54.0,41.0,45.0,63.0,98.0,173.0,257.0,261.0
2021-10-31 - 2021-11-06,60+,3631,,,,,,,,,,,,,,,1-5,,,,,,1-5,1-5,10-14,44.0,60.0,84.0,53.0,44.0,19.0,16.0,10-14,6-10,10-14,10-14,27.0,20.0,10-14,6-10,6-10,6-10,1-5,1-5,1-5,6-10,10-14,21.0,37.0,25.0
2021-10-31 - 2021-11-06,<60,34874,,,,,,,,,,,,,,1-5,1-5,1-5,,1-5,1-5,15.0,20.0,61.0,245.0,692.0,1352.0,1541.0,1185.0,713.0,404.0,242.0,154.0,115.0,143.0,263.0,245.0,162.0,101.0,65.0,57.0,34.0,39.0,41.0,22.0,37.0,70.0,130.0,198.0,212.0
2021-11-07 - 2021-11-13,60+,2947,,,,,,,,,,,,,,,,,,,,,,1-5,10-14,22.0,54.0,50.0,47.0,27.0,21.0,17.0,10-14,6-10,6-10,21.0,16.0,16.0,10-14,1-5,1-5,1-5,6-10,1-5,1-5,1-5,6-10,20.0,23.0,24.0
2021-11-07 - 2021-11-13,<60,28413,,,,,,,,,,,,,,,1-5,1-5,1-5,1-5,1-5,6-10,10-14,35.0,183.0,515.0,1034.0,1098.0,928.0,555.0,311.0,203.0,137.0,106.0,112.0,209.0,205.0,125.0,78.0,57.0,59.0,35.0,44.0,23.0,25.0,28.0,68.0,93.0,164.0,154.0
2021-11-14 - 2021-11-20,60+,2451,,,,,,,,,,,,,,,,,,,,,1-5,1-5,6-10,22.0,36.0,53.0,36.0,25.0,20.0,6-10,1-5,1-5,1-5,10-14,10-14,15.0,10-14,6-10,6-10,1-5,1-5,1-5,1-5,1-5,6-10,18.0,21.0,10-14
2021-11-14 - 2021-11-20,<60,24027,,,,,,,,,,,,,,,,1-5,6-10,1-5,1-5,6-10,27.0,38.0,173.0,437.0,820.0,945.0,750.0,481.0,266.0,180.0,108.0,99.0,96.0,195.0,165.0,115.0,71.0,44.0,36.0,31.0,28.0,30.0,10-14,33.0,45.0,96.0,143.0,136.0
2021-11-21 - 2021-11-27,60+,2268,,,,,,,,,,,,,,,,,,1-5,,1-5,,,6-10,16.0,31.0,52.0,42.0,25.0,16.0,10-14,6-10,6-10,6-10,1-5,10-14,10-14,6-10,6-10,1-5,1-5,1-5,6-10,,1-5,6-10,15.0,24.0,10-14
2021-11-21 - 2021-11-27,<60,23505,,,,,,,,,,,,,,,,,1-5,6-10,1-5,6-10,18.0,38.0,138.0,397.0,811.0,896.0,747.0,465.0,250.0,140.0,122.0,90.0,90.0,187.0,196.0,111.0,65.0,58.0,47.0,24.0,22.0,31.0,18.0,32.0,54.0,83.0,129.0,132.0
2021-11-28 - 2021-12-04,60+,2499,,,,,,,,,,,,,,,,,,,1-5,,,1-5,1-5,21.0,32.0,42.0,29.0,33.0,10-14,6-10,6-10,1-5,10-14,10-14,1-5,10-14,6-10,1-5,1-5,,1-5,6-10,1-5,1-5,6-10,21.0,25.0,20.0
2021-11-28 - 2021-12-04,<60,24133,,,,,,,,,,,,,,,,,,1-5,1-5,1-5,15.0,41.0,141.0,388.0,679.0,840.0,733.0,508.0,283.0,188.0,103.0,98.0,108.0,236.0,193.0,128.0,73.0,51.0,56.0,45.0,35.0,22.0,16.0,39.0,54.0,109.0,155.0,117.0
2021-12-05 - 2021-12-11,60+,2150,,,,,,,,,,,,,,,,,,,,,,1-5,6-10,16.0,28.0,27.0,32.0,27.0,10-14,10-14,6-10,6-10,6-10,6-10,17.0,10-14,6-10,6-10,6-10,1-5,1-5,1-5,1-5,1-5,1-5,17.0,15.0,17.0
2021-12-05 - 2021-12-11,<60,22858,,,,,,,,,,,,,,,,,,,1-5,6-10,15.0,28.0,146.0,381.0,688.0,782.0,683.0,461.0,266.0,189.0,132.0,94.0,108.0,206.0,177.0,116.0,62.0,64.0,46.0,25.0,41.0,33.0,29.0,34.0,78.0,84.0,146.0,123.0
2021-12-12 - 2021-12-18,60+,2633,,,,,,,,,,,,,,,,,,,,,,1-5,6-10,19.0,32.0,44.0,39.0,19.0,10-14,6-10,1-5,6-10,1-5,10-14,10-14,10-14,10-14,6-10,1-5,1-5,1-5,1-5,1-5,1-5,6-10,6-10,15.0,18.0
2021-12-12 - 2021-12-18,<60,29126,,,,,,,,,,,,,,,,,,,,1-5,28.0,37.0,157.0,441.0,780.0,980.0,968.0,630.0,447.0,276.0,183.0,157.0,145.0,319.0,271.0,183.0,110.0,76.0,65.0,35.0,48.0,34.0,26.0,48.0,75.0,155.0,193.0,156.0
2021-12-19 - 2021-12-25,60+,2791,,,,,,,,,,,,,,,,,,,,,,1-5,1-5,16.0,36.0,33.0,26.0,31.0,10-14,15.0,1-5,1-5,1-5,10-14,25.0,16.0,6-10,6-10,1-5,,1-5,1-5,1-5,1-5,6-10,21.0,19.0,26.0
2021-12-19 - 2021-12-25,<60,37009,,,,,,,,,,,,,,,,,,,,,17.0,133.0,215.0,539.0,997.0,1236.0,1346.0,962.0,682.0,400.0,291.0,240.0,266.0,448.0,405.0,234.0,119.0,114.0,101.0,61.0,97.0,74.0,66.0,62.0,148.0,206.0,252.0,217.0
2021-12-26 - 2022-01-01,60+,4436,,,,,,,,,,,,,,,,,,,,,,1-5,10-14,33.0,43.0,56.0,50.0,30.0,16.0,6-10,1-5,10-14,6-10,15.0,21.0,23.0,10-14,6-10,6-10,1-5,1-5,6-10,6-10,6-10,10-14,20.0,33.0,33.0
2021-12-26 - 2022-01-01,<60,52171,,,,,,,,,,,,,,,,,,,,,,131.0,597.0,760.0,1224.0,1611.0,1737.0,1369.0,881.0,549.0,387.0,269.0,318.0,573.0,534.0,292.0,162.0,121.0,112.0,86.0,109.0,95.0,67.0,93.0,174.0,294.0,450.0,324.0
2022-01-02 - 2022-01-08,60+,9010,,,,,,,,,,,,,,,,,,,,,,,10-14,77.0,118.0,85.0,87.0,71.0,42.0,32.0,20.0,10-14,24.0,31.0,45.0,27.0,19.0,19.0,17.0,10-14,17.0,6-10,20.0,33.0,41.0,52.0,85.0,84.0
2022-01-02 - 2022-01-08,<60,63462,,,,,,,,,,,,,,,,,,,,,,,452.0,1782.0,1427.0,1629.0,1862.0,1482.0,992.0,589.0,391.0,299.0,329.0,686.0,569.0,337.0,190.0,139.0,144.0,81.0,101.0,127.0,98.0,112.0,206.0,374.0,534.0,374.0
2022-01-09 - 2022-01-15,60+,11657,,,,,,,,,,,,,,,,,,,,,,,,94.0,341.0,162.0,135.0,74.0,41.0,23.0,15.0,20.0,10-14,36.0,38.0,45.0,28.0,27.0,37.0,10-14,19.0,6-10,10-14,30.0,27.0,57.0,121.0,144.0
2022-01-09 - 2022-01-15,<60,56650,,,,,,,,,,,,,,,,,,,,,,,,740.0,2457.0,1376.0,1430.0,1123.0,768.0,489.0,334.0,218.0,233.0,535.0,450.0,288.0,159.0,139.0,117.0,80.0,101.0,68.0,80.0,80.0,181.0,332.0,427.0,375.0
2022-01-16 - 2022-01-22,60+,3542,,,,,,,,,,,,,,,,,,,,,,,,,25.0,54.0,36.0,20.0,10-14,6-10,1-5,1-5,1-5,6-10,6-10,6-10,6-10,1-5,1-5,1-5,1-5,1-5,1-5,1-5,6-10,18.0,27.0,24.0
2022-01-16 - 2022-01-22,<60,28780,,,,,,,,,,,,,,,,,,,,,,,,,610.0,1266.0,645.0,487.0,328.0,234.0,153.0,110.0,107.0,221.0,215.0,120.0,70.0,68.0,50.0,42.0,42.0,39.0,36.0,25.0,77.0,153.0,241.0,139.0
2022-01-23 - 2022-01-29,60+,1553,,,,,,,,,,,,,,,,,,,,,,,,,,6-10,21.0,6-10,1-5,1-5,1-5,1-5,1-5,1-5,6-10,1-5,1-5,6-10,1-5,1-5,1-5,1-5,1-5,1-5,1-5,6-10,1-5,18.0
2022-01-23 - 2022-01-29,<60,10923,,,,,,,,,,,,,,,,,,,,,,,,,,233.0,431.0,165.0,130.0,89.0,60.0,32.0,52.0,103.0,57.0,45.0,28.0,20.0,22.0,18.0,18.0,18.0,20.0,19.0,41.0,52.0,76.0,64.0
2022-01-30 - 2022-02-05,60+,1327,,,,,,,,,,,,,,,,,,,,,,,,,,,1-5,10-14,1-5,1-5,1-5,1-5,1-5,1-5,1-5,6-10,1-5,1-5,,1-5,1-5,1-5,1-5,1-5,1-5,6-10,6-10,10-14
2022-01-30 - 2022-02-05,<60,7589,,,,,,,,,,,,,,,,,,,,,,,,,,,132.0,195.0,77.0,34.0,30.0,19.0,32.0,55.0,50.0,32.0,10-14,15.0,22.0,6-10,10-14,16.0,10-14,10-14,18.0,41.0,46.0,42.0
2022-02-06 - 2022-02-12,60+,950,,,,,,,,,,,,,,,,,,,,,,,,,,,,1-5,6-10,1-5,1-5,1-5,1-5,1-5,1-5,,1-5,1-5,,1-5,1-5,1-5,,1-5,1-5,1-5,10-14,1-5
2022-02-06 - 2022-02-12,<60,4921,,,,,,,,,,,,,,,,,,,,,,,,,,,,44.0,58.0,26.0,15.0,15.0,17.0,34.0,27.0,15.0,6-10,1-5,6-10,1-5,1-5,6-10,6-10,6-10,6-10,18.0,36.0,25.0
2022-02-13 - 2022-02-19,60+,683,,,,,,,,,,,,,,,,,,,,,,,,,,,,,1-5,1-5,1-5,,1-5,1-5,1-5,1-5,1-5,1-5,,,,,,1-5,,1-5,1-5,1-5
2022-02-13 - 2022-02-19,<60,4027,,,,,,,,,,,,,,,,,,,,,,,,,,,,,23.0,25.0,1-5,10-14,6-10,30.0,22.0,10-14,1-5,6-10,6-10,1-5,1-5,1-5,1-5,1-5,6-10,20.0,23.0,26.0
2022-02-20 - 2022-02-26,60+,455,,,,,,,,,,,,,,,,,,,,,,,,,,,,,,1-5,,1-5,,1-5,1-5,1-5,,1-5,,,,1-5,1-5,,,1-5,6-10,1-5
2022-02-20 - 2022-02-26,<60,2663,,,,,,,,,,,,,,,,,,,,,,,,,,,,,,10-14,6-10,1-5,6-10,1-5,6-10,6-10,6-10,6-10,1-5,1-5,1-5,1-5,1-5,1-5,1-5,10-14,18.0,6-10
2022-02-27 - 2022-03-05,60+,271,,,,,,,,,,,,,,,,,,,,,,,,,,,,,,,,,,,,,1-5,1-5,,,,1-5,,,,,1-5,
2022-02-27 - 2022-03-05,<60,1986,,,,,,,,,,,,,,,,,,,,,,,,,,,,,,,1-5,1-5,1-5,6-10,6-10,1-5,1-5,1-5,6-10,1-5,1-5,1-5,1-5,1-5,6-10,6-10,10-14,6-10
2022-03-06 - 2022-03-12,60+,251,,,,,,,,,,,,,,,,,,,,,,,,,,,,,,,,,1-5,,,,,,1-5,,1-5,,,1-5,1-5,1-5,1-5,1-5
2022-03-06 - 2022-03-12,<60,1746,,,,,,,,,,,,,,,,,,,,,,,,,,,,,,,,,1-5,6-10,10-14,1-5,1-5,1-5,1-5,1-5,1-5,1-5,1-5,1-5,1-5,6-10,15.0,1-5
2022-03-13 - 2022-03-19,60+,221,,,,,,,,,,,,,,,,,,,,,,,,,,,,,,,,,,1-5,1-5,1-5,,,,,1-5,,,,,,,1-5
2022-03-13 - 2022-03-19,<60,1455,,,,,,,,,,,,,,,,,,,,,,,,,,,,,,,,,1-5,10-14,1-5,6-10,1-5,1-5,1-5,1-5,1-5,1-5,1-5,1-5,6-10,1-5,1-5,6-10
2022-03-20 - 2022-03-26,60+,470,,,,,,,,,,,,,,,,,,,,,,,,,,,,,,,,,,1-5,1-5,1-5,1-5,,1-5,,,,1-5,1-5,1-5,1-5,1-5,1-5
2022-03-20 - 2022-03-26,<60,2300,,,,,,,,,,,,,,,,,,,,,,,,,,,,,,,,,,1-5,28.0,6-10,1-5,1-5,,1-5,1-5,1-5,1-5,1-5,1-5,10-14,6-10,15.0
2022-03-27 - 2022-04-02,60+,760,,,,,,,,,,,,,,,,,,,,,,,,,,,,,,,,,,,1-5,1-5,1-5,1-5,1-5,1-5,,1-5,1-5,1-5,,1-5,1-5,1-5
2022-03-27 - 2022-04-02,<60,2831,,,,,,,,,,,,,,,,,,,,,,,,,,,,,,,,,,,1-5,18.0,1-5,1-5,1-5,1-5,1-5,1-5,1-5,6-10,6-10,6-10,17.0,15.0
2022-04-03 - 2022-04-09,60+,695,,,,,,,,,,,,,,,,,,,,,,,,,,,,,,,,,,,,,1-5,,1-5,1-5,,,1-5,1-5,,1-5,1-5,1-5
2022-04-03 - 2022-04-09,<60,2066,,,,,,,,,,,,,,,,,,,,,,,,,,,,,,,,,,,,1-5,6-10,1-5,1-5,1-5,1-5,1-5,1-5,1-5,1-5,6-10,6-10,1-5
2022-04-10 - 2022-04-16,60+,415,,,,,,,,,,,,,,,,,,,,,,,,,,,,,,,,,,,,,,,,,,1-5,1-5,1-5,,1-5,1-5,1-5
2022-04-10 - 2022-04-16,<60,1437,,,,,,,,,,,,,,,,,,,,,,,,,,,,,,,,,,,,,,1-5,,1-5,,1-5,1-5,,,1-5,6-10,1-5
2022-04-17 - 2022-04-23,60+,237,,,,,,,,,,,,,,,,,,,,,,,,,,,,,,,,,,,,,,1-5,1-5,,,1-5,,,,1-5,1-5,1-5
2022-04-17 - 2022-04-23,<60,973,,,,,,,,,,,,,,,,,,,,,,,,,,,,,,,,,,,,,,1-5,1-5,1-5,,1-5,1-5,1-5,1-5,1-5,1-5,1-5
2022-04-24 - 2022-04-30,60+,319,,,,,,,,,,,,,,,,,,,,,,,,,,,,,,,,,,,,,,,,,,1-5,,,1-5,1-5,1-5,
2022-04-24 - 2022-04-30,<60,1382,,,,,,,,,,,,,,,,,,,,,,,,,,,,,,,,,,,,,,,,1-5,,,1-5,,1-5,6-10,1-5,1-5
2022-05-01 - 2022-05-07,60+,187,,,,,,,,,,,,,,,,,,,,,,,,,,,,,,,,,,,,,,,,,,,,,,,,
2022-05-01 - 2022-05-07,<60,804,,,,,,,,,,,,,,,,,,,,,,,,,,,,,,,,,,,,,,,,,1-5,,,1-5,1-5,1-5,1-5,1-5
2022-05-08 - 2022-05-14,60+,279,,,,,,,,,,,,,,,,,,,,,,,,,,,,,,,,,,,,,,,,,,,,,,1-5,1-5,
2022-05-08 - 2022-05-14,<60,1035,,,,,,,,,,,,,,,,,,,,,,,,,,,,,,,,,,,,,,,,,,,,,,1-5,1-5,6-10
2022-05-15 - 2022-05-21,60+,225,,,,,,,,,,,,,,,,,,,,,,,,,,,,,,,,,,,,,,,,,,,,,,1-5,1-5,1-5
2022-05-15 - 2022-05-21,<60,1023,,,,,,,,,,,,,,,,,,,,,,,,,,,,,,,,,,,,,,,,,,,1-5,1-5,1-5,1-5,1-5,6-10
2022-05-22 - 2022-05-28,60+,158,,,,,,,,,,,,,,,,,,,,,,,,,,,,,,,,,,,,,,,,,,,,,1-5,,1-5,
2022-05-22 - 2022-05-28,<60,757,,,,,,,,,,,,,,,,,,,,,,,,,,,,,,,,,,,,,,,,,,,,,,1-5,1-5,6-10
2022-05-29 - 2022-06-04,60+,103,,,,,,,,,,,,,,,,,,,,,,,,,,,,,,,,,,,,,,,,,,,,,,1-5,,
2022-05-29 - 2022-06-04,<60,650,,,,,,,,,,,,,,,,,,,,,,,,,,,,,,,,,,,,,,,,,,,,1-5,1-5,,1-5,1-5
2022-06-05 - 2022-06-11,60+,123,,,,,,,,,,,,,,,,,,,,,,,,,,,,,,,,,,,,,,,,,,,,,,,1-5,1-5
2022-06-05 - 2022-06-11,<60,605,,,,,,,,,,,,,,,,,,,,,,,,,,,,,,,,,,,,,,,,,,,,,,,1-5,
2022-06-12 - 2022-06-18,60+,188,,,,,,,,,,,,,,,,,,,,,,,,,,,,,,,,,,,,,,,,,,,,,,1-5,1-5,
2022-06-12 - 2022-06-18,<60,867,,,,,,,,,,,,,,,,,,,,,,,,,,,,,,,,,,,,,,,,,,,,,,1-5,1-5,1-5
2022-06-19 - 2022-06-25,60+,290,,,,,,,,,,,,,,,,,,,,,,,,,,,,,,,,,,,,,,,,,,,,,,,,1-5
2022-06-19 - 2022-06-25,<60,1682,,,,,,,,,,,,,,,,,,,,,,,,,,,,,,,,,,,,,,,,,,,,,,,1-5,6-10
2022-06-26 - 2022-07-02,60+,219,,,,,,,,,,,,,,,,,,,,,,,,,,,,,,,,,,,,,,,,,,,,,,,,1-5
2022-06-26 - 2022-07-02,<60,1576,,,,,,,,,,,,,,,,,,,,,,,,,,,,,,,,,,,,,,,,,,,,,,,,6-10
