VaccinationDate,age_group,first_dose,second_dose,third_dose
2020-12-20,20-29,392,0,0
2020-12-20,0-19,21,0,0
2020-12-20,80-89,94,0,0
2020-12-20,60-69,1517,0,0
2020-12-20,50-59,1788,0,0
2020-12-20,40-49,1868,0,0
2020-12-20,90+,<15,0,0
2020-12-20,70-79,495,0,0
2020-12-20,30-39,1198,0,0
2020-12-21,20-29,1067,0,0
2020-12-21,0-19,67,0,0
2020-12-21,80-89,1165,0,0
2020-12-21,40-49,3788,0,0
2020-12-21,60-69,7283,0,0
2020-12-21,90+,167,0,0
2020-12-21,30-39,2785,0,0
2020-12-21,70-79,4889,0,0
2020-12-21,50-59,3692,0,0
2020-12-22,90+,456,0,0
2020-12-22,20-29,1575,0,0
2020-12-22,50-59,4663,0,0
2020-12-22,80-89,3498,0,0
2020-12-22,0-19,99,0,0
2020-12-22,70-79,11763,0,0
2020-12-22,60-69,14433,0,0
2020-12-22,40-49,4536,0,0
2020-12-22,30-39,3603,0,0
2020-12-23,20-29,2124,0,0
2020-12-23,80-89,5680,0,0
2020-12-23,0-19,159,0,0
2020-12-23,50-59,5340,0,0
2020-12-23,70-79,18012,0,0
2020-12-23,90+,1026,0,0
2020-12-23,30-39,3864,0,0
2020-12-23,40-49,5041,0,0
2020-12-23,60-69,21617,0,0
2020-12-24,80-89,7678,0,0
2020-12-24,60-69,25645,0,0
2020-12-24,70-79,21762,0,0
2020-12-24,30-39,3794,0,0
2020-12-24,40-49,5212,0,0
2020-12-24,90+,1349,0,0
2020-12-24,0-19,202,0,0
2020-12-24,20-29,2072,0,0
2020-12-24,50-59,5666,0,0
2020-12-25,80-89,4531,0,0
2020-12-25,90+,764,0,0
2020-12-25,70-79,12284,0,0
2020-12-25,30-39,1390,0,0
2020-12-25,40-49,2248,0,0
2020-12-25,60-69,13405,0,0
2020-12-25,0-19,126,0,0
2020-12-25,20-29,756,0,0
2020-12-25,50-59,2969,0,0
2020-12-26,40-49,1687,0,0
2020-12-26,50-59,2407,0,0
2020-12-26,60-69,11902,0,0
2020-12-26,20-29,485,0,0
2020-12-26,30-39,981,0,0
2020-12-26,70-79,10605,0,0
2020-12-26,90+,690,0,0
2020-12-26,0-19,92,0,0
2020-12-26,80-89,3750,0,0
2020-12-27,50-59,10055,0,0
2020-12-27,20-29,3584,0,0
2020-12-27,80-89,11874,0,0
2020-12-27,0-19,490,0,0
2020-12-27,40-49,8474,0,0
2020-12-27,60-69,32947,0,0
2020-12-27,90+,2388,0,0
2020-12-27,30-39,6070,0,0
2020-12-27,70-79,28546,0,0
2020-12-28,20-29,6674,0,0
2020-12-28,0-19,1264,0,0
2020-12-28,40-49,13429,0,0
2020-12-28,60-69,40013,0,0
2020-12-28,70-79,32875,0,0
2020-12-28,30-39,9558,0,0
2020-12-28,50-59,14796,0,0
2020-12-28,90+,2611,0,0
2020-12-28,80-89,13675,0,0
2020-12-29,0-19,1443,0,0
2020-12-29,80-89,16458,0,0
2020-12-29,60-69,43984,0,0
2020-12-29,70-79,35906,0,0
2020-12-29,90+,4363,0,0
2020-12-29,20-29,7559,0,0
2020-12-29,30-39,11561,0,0
2020-12-29,50-59,18574,0,0
2020-12-29,40-49,16275,0,0
2020-12-30,80-89,15460,0,0
2020-12-30,0-19,1450,0,0
2020-12-30,90+,3896,0,0
2020-12-30,70-79,32963,0,0
2020-12-30,20-29,8222,0,0
2020-12-30,30-39,11666,0,0
2020-12-30,40-49,16180,0,0
2020-12-30,60-69,42062,0,0
2020-12-30,50-59,21051,0,0
2020-12-31,20-29,9668,0,0
2020-12-31,0-19,1799,0,0
2020-12-31,50-59,26958,0,0
2020-12-31,30-39,13811,0,0
2020-12-31,70-79,29632,0,0
2020-12-31,40-49,19362,0,0
2020-12-31,60-69,38855,0,0
2020-12-31,80-89,14533,0,0
2020-12-31,90+,3766,0,0
2021-01-01,20-29,3331,0,0
2021-01-01,0-19,821,0,0
2021-01-01,80-89,6123,0,0
2021-01-01,50-59,14373,0,0
2021-01-01,40-49,9390,0,0
2021-01-01,60-69,17557,0,0
2021-01-01,90+,1478,0,0
2021-01-01,30-39,5775,0,0
2021-01-01,70-79,12481,0,0
2021-01-02,20-29,3342,0,0
2021-01-02,30-39,5589,0,0
2021-01-02,70-79,10362,0,0
2021-01-02,60-69,14323,0,0
2021-01-02,90+,1629,0,0
2021-01-02,40-49,11786,0,0
2021-01-02,80-89,5430,0,0
2021-01-02,0-19,859,0,0
2021-01-02,50-59,18341,0,0
2021-01-03,80-89,12986,0,0
2021-01-03,90+,2965,0,0
2021-01-03,0-19,2144,0,0
2021-01-03,20-29,9817,0,0
2021-01-03,50-59,28677,0,0
2021-01-03,60-69,35346,0,0
2021-01-03,40-49,19304,0,0
2021-01-03,30-39,12671,0,0
2021-01-03,70-79,25690,0,0
2021-01-04,20-29,11309,0,0
2021-01-04,0-19,2268,0,0
2021-01-04,80-89,12096,0,0
2021-01-04,70-79,23449,0,0
2021-01-04,30-39,14148,0,0
2021-01-04,90+,2667,0,0
2021-01-04,60-69,32213,0,0
2021-01-04,40-49,22917,0,0
2021-01-04,50-59,30977,0,0
2021-01-05,90+,2288,0,0
2021-01-05,20-29,8669,0,0
2021-01-05,40-49,17418,0,0
2021-01-05,30-39,11083,0,0
2021-01-05,70-79,20586,0,0
2021-01-05,0-19,1831,0,0
2021-01-05,80-89,10419,0,0
2021-01-05,50-59,23787,0,0
2021-01-05,60-69,28962,0,0
2021-01-06,90+,2116,0,0
2021-01-06,80-89,8827,0,0
2021-01-06,30-39,9112,0,0
2021-01-06,70-79,16451,0,0
2021-01-06,40-49,13757,0,0
2021-01-06,60-69,24568,0,0
2021-01-06,20-29,7922,0,0
2021-01-06,50-59,18782,0,0
2021-01-06,0-19,1682,0,0
2021-01-07,40-49,19152,0,0
2021-01-07,70-79,15389,0,0
2021-01-07,30-39,11957,0,0
2021-01-07,60-69,23639,0,0
2021-01-07,90+,1758,0,0
2021-01-07,80-89,7974,0,0
2021-01-07,0-19,1957,0,0
2021-01-07,20-29,8778,0,0
2021-01-07,50-59,25353,0,0
2021-01-08,90+,619,0,0
2021-01-08,40-49,16232,0,0
2021-01-08,70-79,5806,0,0
2021-01-08,30-39,8983,0,0
2021-01-08,50-59,14592,0,0
2021-01-08,60-69,9681,0,0
2021-01-08,80-89,2803,0,0
2021-01-08,0-19,1916,0,0
2021-01-08,20-29,5760,0,0
2021-01-09,50-59,9761,0,0
2021-01-09,70-79,3243,0,0
2021-01-09,30-39,6902,0,0
2021-01-09,40-49,12811,0,0
2021-01-09,60-69,5421,0,0
2021-01-09,90+,331,0,0
2021-01-09,80-89,1552,0,0
2021-01-09,20-29,3453,0,0
2021-01-09,0-19,1019,0,0
2021-01-10,40-49,9159,1575,0
2021-01-10,30-39,5823,970,0
2021-01-10,70-79,3448,339,0
2021-01-10,60-69,5583,1208,0
2021-01-10,20-29,3261,299,0
2021-01-10,80-89,1754,44,0
2021-01-10,0-19,738,15,0
2021-01-10,50-59,7456,1537,0
2021-01-10,90+,361,<15,0
2021-01-11,60-69,2514,5581,0
2021-01-11,50-59,5095,3014,0
2021-01-11,20-29,1789,819,0
2021-01-11,90+,203,129,0
2021-01-11,70-79,1699,3652,0
2021-01-11,40-49,5261,2974,0
2021-01-11,30-39,3349,2160,0
2021-01-11,80-89,868,868,0
2021-01-11,0-19,311,51,0
2021-01-12,50-59,7799,3960,0
2021-01-12,20-29,2431,1303,0
2021-01-12,0-19,351,75,0
2021-01-12,40-49,4493,3952,0
2021-01-12,80-89,867,2721,0
2021-01-12,70-79,1773,8940,0
2021-01-12,30-39,2936,3048,0
2021-01-12,90+,182,353,0
2021-01-12,60-69,3152,11291,0
2021-01-13,0-19,695,136,0
2021-01-13,20-29,3825,1902,0
2021-01-13,50-59,23383,5054,0
2021-01-13,70-79,3154,16242,0
2021-01-13,60-69,6000,19138,0
2021-01-13,80-89,1486,4975,0
2021-01-13,40-49,8031,4827,0
2021-01-13,30-39,5166,3630,0
2021-01-13,90+,240,928,0
2021-01-14,20-29,5538,1947,0
2021-01-14,90+,202,1188,0
2021-01-14,70-79,2406,20241,0
2021-01-14,0-19,1047,167,0
2021-01-14,80-89,1092,6907,0
2021-01-14,30-39,7247,3760,0
2021-01-14,50-59,23374,5457,0
2021-01-14,60-69,5115,23982,0
2021-01-14,40-49,10360,5154,0
2021-01-15,80-89,557,4171,0
2021-01-15,20-29,3196,726,0
2021-01-15,0-19,696,118,0
2021-01-15,50-59,11826,2696,0
2021-01-15,30-39,4747,1308,0
2021-01-15,60-69,2425,12701,0
2021-01-15,70-79,1194,11488,0
2021-01-15,90+,112,691,0
2021-01-15,40-49,5934,2001,0
2021-01-16,20-29,2120,332,0
2021-01-16,90+,76,578,0
2021-01-16,0-19,542,65,0
2021-01-16,80-89,357,3009,0
2021-01-16,60-69,1681,9600,0
2021-01-16,30-39,3377,707,0
2021-01-16,70-79,750,8639,0
2021-01-16,40-49,8265,1282,0
2021-01-16,50-59,12244,1785,0
2021-01-17,90+,190,1783,0
2021-01-17,0-19,2686,311,0
2021-01-17,20-29,10417,2574,0
2021-01-17,30-39,6829,4583,0
2021-01-17,70-79,2269,24630,0
2021-01-17,80-89,1056,9661,0
2021-01-17,50-59,21993,7404,0
2021-01-17,40-49,18412,6378,0
2021-01-17,60-69,4492,27167,0
2021-01-18,80-89,884,12572,0
2021-01-18,20-29,15052,4765,0
2021-01-18,50-59,15895,12821,0
2021-01-18,90+,146,2541,0
2021-01-18,60-69,3962,36399,0
2021-01-18,70-79,1920,30793,0
2021-01-18,30-39,7331,8170,0
2021-01-18,40-49,20616,11518,0
2021-01-18,0-19,3841,734,0
2021-01-19,70-79,1960,32865,0
2021-01-19,30-39,9137,9593,0
2021-01-19,40-49,25350,13668,0
2021-01-19,60-69,3908,39364,0
2021-01-19,80-89,865,15064,0
2021-01-19,90+,203,3847,0
2021-01-19,0-19,3131,1105,0
2021-01-19,20-29,14009,6695,0
2021-01-19,50-59,14167,15470,0
2021-01-20,40-49,29707,14833,0
2021-01-20,60-69,3656,40111,0
2021-01-20,50-59,12891,18684,0
2021-01-20,80-89,817,14388,0
2021-01-20,0-19,2934,1334,0
2021-01-20,20-29,12045,7887,0
2021-01-20,90+,142,3383,0
2021-01-20,30-39,12695,10770,0
2021-01-20,70-79,1824,32205,0
2021-01-21,0-19,2278,1738,0
2021-01-21,90+,213,4017,0
2021-01-21,50-59,11080,25758,0
2021-01-21,20-29,9613,9671,0
2021-01-21,60-69,3854,41939,0
2021-01-21,30-39,13689,13515,0
2021-01-21,70-79,2058,32947,0
2021-01-21,40-49,26039,18906,0
2021-01-21,80-89,989,15742,0
2021-01-22,40-49,15361,8658,0
2021-01-22,50-59,5600,12971,0
2021-01-22,20-29,3875,3066,0
2021-01-22,0-19,1221,722,0
2021-01-22,80-89,500,6330,0
2021-01-22,90+,114,1505,0
2021-01-22,70-79,928,13718,0
2021-01-22,30-39,8123,5538,0
2021-01-22,60-69,2076,18522,0
2021-01-23,20-29,3482,2158,0
2021-01-23,0-19,6652,483,0
2021-01-23,80-89,386,4946,0
2021-01-23,50-59,5959,11310,0
2021-01-23,60-69,1579,12435,0
2021-01-23,70-79,806,9404,0
2021-01-23,40-49,14571,7513,0
2021-01-23,90+,106,1493,0
2021-01-23,30-39,6357,3773,0
2021-01-24,60-69,3633,33280,0
2021-01-24,0-19,12150,1764,0
2021-01-24,80-89,1001,12566,0
2021-01-24,20-29,11031,8681,0
2021-01-24,30-39,10561,11710,0
2021-01-24,40-49,19957,17994,0
2021-01-24,90+,221,2993,0
2021-01-24,70-79,1961,24550,0
2021-01-24,50-59,8489,27015,0
2021-01-25,80-89,1005,11807,0
2021-01-25,20-29,15490,9262,0
2021-01-25,0-19,14693,1864,0
2021-01-25,50-59,9568,28233,0
2021-01-25,30-39,13361,12351,0
2021-01-25,70-79,2074,22796,0
2021-01-25,90+,251,2575,0
2021-01-25,40-49,20480,20099,0
2021-01-25,60-69,3874,30381,0
2021-01-26,20-29,15546,8324,0
2021-01-26,0-19,14425,1763,0
2021-01-26,80-89,930,10410,0
2021-01-26,50-59,8398,25240,0
2021-01-26,90+,237,2237,0
2021-01-26,70-79,1956,20406,0
2021-01-26,60-69,3491,28379,0
2021-01-26,30-39,14182,11261,0
2021-01-26,40-49,19421,18257,0
2021-01-27,80-89,848,10044,0
2021-01-27,0-19,15723,2089,0
2021-01-27,20-29,14345,10235,0
2021-01-27,50-59,8426,23768,0
2021-01-27,60-69,3216,28303,0
2021-01-27,30-39,13640,11179,0
2021-01-27,40-49,19639,17543,0
2021-01-27,90+,229,2276,0
2021-01-27,70-79,1734,19462,0
2021-01-28,20-29,15968,9895,0
2021-01-28,80-89,678,8931,0
2021-01-28,60-69,2979,27696,0
2021-01-28,40-49,16964,20976,0
2021-01-28,90+,173,1926,0
2021-01-28,0-19,13365,2125,0
2021-01-28,50-59,7571,27720,0
2021-01-28,70-79,1512,18146,0
2021-01-28,30-39,20214,13066,0
2021-01-29,90+,42,626,0
2021-01-29,30-39,10680,7796,0
2021-01-29,0-19,5627,1584,0
2021-01-29,80-89,260,3161,0
2021-01-29,50-59,3481,14253,0
2021-01-29,20-29,5974,4944,0
2021-01-29,70-79,532,6922,0
2021-01-29,60-69,1243,11248,0
2021-01-29,40-49,8742,14186,0
2021-01-30,20-29,5167,3126,0
2021-01-30,0-19,4979,905,0
2021-01-30,80-89,175,1809,0
2021-01-30,50-59,3143,9667,0
2021-01-30,90+,30,391,0
2021-01-30,70-79,458,3814,0
2021-01-30,30-39,10585,5806,0
2021-01-30,40-49,8810,10619,0
2021-01-30,60-69,993,6569,0
2021-01-31,80-89,680,3534,0
2021-01-31,40-49,16120,12496,0
2021-01-31,60-69,2958,10819,0
2021-01-31,70-79,1554,6967,0
2021-01-31,90+,168,741,0
2021-01-31,30-39,21655,7532,0
2021-01-31,20-29,13334,4352,0
2021-01-31,0-19,9541,1047,0
2021-01-31,50-59,7228,11931,0
2021-02-01,90+,229,378,0
2021-02-01,80-89,844,1667,0
2021-02-01,30-39,24208,5026,0
2021-02-01,40-49,14861,8330,0
2021-02-01,70-79,1731,3401,0
2021-02-01,60-69,3061,5102,0
2021-02-01,0-19,10338,579,0
2021-02-01,20-29,19531,3032,0
2021-02-01,50-59,7591,7762,0
2021-02-02,50-59,6561,8856,0
2021-02-02,40-49,13316,6357,0
2021-02-02,60-69,2892,4609,0
2021-02-02,0-19,8618,439,0
2021-02-02,80-89,894,1400,0
2021-02-02,20-29,15761,2451,0
2021-02-02,30-39,19977,3944,0
2021-02-02,90+,243,292,0
2021-02-02,70-79,1688,2655,0
2021-02-03,50-59,5768,21545,0
2021-02-03,20-29,14709,3931,0
2021-02-03,80-89,865,1631,0
2021-02-03,0-19,6681,655,0
2021-02-03,60-69,2613,6496,0
2021-02-03,40-49,10642,8113,0
2021-02-03,30-39,17077,5192,0
2021-02-03,70-79,1569,3469,0
2021-02-03,90+,237,308,0
2021-02-04,20-29,22666,6218,0
2021-02-04,0-19,6548,1434,0
2021-02-04,70-79,1200,2779,0
2021-02-04,40-49,10514,10362,0
2021-02-04,30-39,23224,7378,0
2021-02-04,50-59,5256,22730,0
2021-02-04,60-69,2300,5587,0
2021-02-04,90+,142,239,0
2021-02-04,80-89,644,1280,0
2021-02-05,80-89,244,581,0
2021-02-05,0-19,2753,525,0
2021-02-05,40-49,5212,5521,0
2021-02-05,90+,77,113,0
2021-02-05,20-29,9928,2549,0
2021-02-05,30-39,11302,4167,0
2021-02-05,70-79,544,1253,0
2021-02-05,60-69,1079,2579,0
2021-02-05,50-59,2705,11431,0
2021-02-06,20-29,6978,1536,0
2021-02-06,80-89,142,265,0
2021-02-06,0-19,1943,341,0
2021-02-06,60-69,561,1430,0
2021-02-06,30-39,6935,2380,0
2021-02-06,70-79,264,634,0
2021-02-06,90+,35,56,0
2021-02-06,40-49,3080,5496,0
2021-02-06,50-59,1627,10045,0
2021-02-07,0-19,4640,1828,0
2021-02-07,20-29,16779,9259,0
2021-02-07,70-79,1123,2449,0
2021-02-07,30-39,16502,7404,0
2021-02-07,40-49,7779,18388,0
2021-02-07,60-69,2092,4736,0
2021-02-07,90+,166,226,0
2021-02-07,80-89,562,1177,0
2021-02-07,50-59,4367,23167,0
2021-02-08,90+,135,163,0
2021-02-08,70-79,1120,2022,0
2021-02-08,30-39,18058,6960,0
2021-02-08,50-59,4488,16481,0
2021-02-08,0-19,4303,2586,0
2021-02-08,80-89,569,926,0
2021-02-08,20-29,19928,12168,0
2021-02-08,40-49,7837,19977,0
2021-02-08,60-69,2107,4046,0
2021-02-09,20-29,22787,12082,0
2021-02-09,90+,205,189,0
2021-02-09,40-49,9110,23297,0
2021-02-09,70-79,1253,1955,0
2021-02-09,60-69,2568,3826,0
2021-02-09,80-89,630,851,0
2021-02-09,50-59,5428,14191,0
2021-02-09,30-39,19099,8347,0
2021-02-09,0-19,5152,2700,0
2021-02-10,40-49,9829,27819,0
2021-02-10,70-79,1302,1841,0
2021-02-10,60-69,2705,3702,0
2021-02-10,20-29,24090,10801,0
2021-02-10,0-19,5403,2349,0
2021-02-10,90+,152,134,0
2021-02-10,80-89,574,827,0
2021-02-10,30-39,20614,11517,0
2021-02-10,50-59,5752,13154,0
2021-02-11,90+,136,200,0
2021-02-11,30-39,23187,13670,0
2021-02-11,50-59,6830,11675,0
2021-02-11,70-79,1408,2108,0
2021-02-11,60-69,3142,3932,0
2021-02-11,40-49,11893,26510,0
2021-02-11,20-29,27391,10568,0
2021-02-11,0-19,6398,2293,0
2021-02-11,80-89,637,1009,0
2021-02-12,50-59,3475,5888,0
2021-02-12,60-69,1459,2112,0
2021-02-12,20-29,12973,3858,0
2021-02-12,70-79,605,951,0
2021-02-12,40-49,5902,15137,0
2021-02-12,90+,61,102,0
2021-02-12,30-39,11147,7811,0
2021-02-12,0-19,3091,1159,0
2021-02-12,80-89,286,480,0
2021-02-13,70-79,377,624,0
2021-02-13,30-39,7333,4643,0
2021-02-13,80-89,170,278,0
2021-02-13,90+,26,72,0
2021-02-13,40-49,4285,11651,0
2021-02-13,60-69,1021,1309,0
2021-02-13,20-29,9118,2373,0
2021-02-13,0-19,2472,4048,0
2021-02-13,50-59,2592,5385,0
2021-02-14,90+,148,213,0
2021-02-14,60-69,3540,3672,0
2021-02-14,70-79,1664,2012,0
2021-02-14,40-49,11644,21926,0
2021-02-14,30-39,19912,11306,0
2021-02-14,20-29,23321,10007,0
2021-02-14,80-89,718,953,0
2021-02-14,0-19,6887,9907,0
2021-02-14,50-59,6969,8970,0
2021-02-15,40-49,12788,20499,0
2021-02-15,30-39,21531,12511,0
2021-02-15,70-79,1751,2131,0
2021-02-15,90+,207,282,0
2021-02-15,50-59,7853,9525,0
2021-02-15,60-69,3862,4025,0
2021-02-15,0-19,7496,12379,0
2021-02-15,80-89,813,1042,0
2021-02-15,20-29,25103,13197,0
2021-02-16,50-59,7603,8475,0
2021-02-16,70-79,1815,1965,0
2021-02-16,30-39,21422,13737,0
2021-02-16,80-89,773,969,0
2021-02-16,90+,167,238,0
2021-02-16,40-49,12696,19002,0
2021-02-16,60-69,3826,3525,0
2021-02-16,20-29,26542,15879,0
2021-02-16,0-19,8481,14368,0
2021-02-17,70-79,966,1608,0
2021-02-17,60-69,2393,3009,0
2021-02-17,30-39,15900,12857,0
2021-02-17,0-19,6347,15007,0
2021-02-17,50-59,5402,7958,0
2021-02-17,20-29,20641,15882,0
2021-02-17,40-49,9761,18293,0
2021-02-17,80-89,372,718,0
2021-02-17,90+,87,160,0
2021-02-18,60-69,2878,3063,0
2021-02-18,30-39,17971,18789,0
2021-02-18,90+,69,147,0
2021-02-18,70-79,1053,1509,0
2021-02-18,40-49,11173,17732,0
2021-02-18,50-59,6351,7964,0
2021-02-18,20-29,21865,15683,0
2021-02-18,0-19,7293,14091,0
2021-02-18,80-89,388,644,0
2021-02-19,50-59,3536,3696,0
2021-02-19,0-19,4220,6175,0
2021-02-19,20-29,12683,6223,0
2021-02-19,80-89,188,268,0
2021-02-19,30-39,10574,10365,0
2021-02-19,60-69,1487,1340,0
2021-02-19,90+,25,55,0
2021-02-19,70-79,483,606,0
2021-02-19,40-49,6389,9332,0
2021-02-20,20-29,10148,4052,0
2021-02-20,0-19,3900,4457,0
2021-02-20,50-59,2938,2888,0
2021-02-20,90+,28,21,0
2021-02-20,80-89,161,146,0
2021-02-20,60-69,1134,871,0
2021-02-20,30-39,7628,8141,0
2021-02-20,40-49,5225,7714,0
2021-02-20,70-79,436,395,0
2021-02-21,20-29,23856,14409,0
2021-02-21,30-39,20589,22683,0
2021-02-21,90+,174,212,0
2021-02-21,0-19,8550,10058,0
2021-02-21,80-89,767,825,0
2021-02-21,70-79,1835,1737,0
2021-02-21,50-59,7309,7610,0
2021-02-21,40-49,12455,17569,0
2021-02-21,60-69,3806,3242,0
2021-02-22,20-29,25474,18493,0
2021-02-22,80-89,879,878,0
2021-02-22,0-19,8649,9547,0
2021-02-22,50-59,7704,7648,0
2021-02-22,30-39,22729,23531,0
2021-02-22,40-49,13002,15161,0
2021-02-22,60-69,4175,3223,0
2021-02-22,90+,207,245,0
2021-02-22,70-79,2123,1764,0
2021-02-23,20-29,23941,16260,0
2021-02-23,0-19,8452,9129,0
2021-02-23,60-69,3680,2881,0
2021-02-23,80-89,844,886,0
2021-02-23,90+,156,229,0
2021-02-23,70-79,1857,1693,0
2021-02-23,40-49,11642,13053,0
2021-02-23,30-39,19664,19624,0
2021-02-23,50-59,6978,6592,0
2021-02-24,90+,156,195,0
2021-02-24,30-39,15168,17207,0
2021-02-24,70-79,1572,1582,0
2021-02-24,80-89,709,816,0
2021-02-24,20-29,18775,15887,0
2021-02-24,0-19,6833,7808,0
2021-02-24,60-69,2956,2698,0
2021-02-24,40-49,9279,10927,0
2021-02-24,50-59,5507,5868,0
2021-02-25,20-29,15262,18343,0
2021-02-25,40-49,8289,10276,0
2021-02-25,60-69,2654,2307,0
2021-02-25,80-89,622,657,0
2021-02-25,30-39,12909,20715,0
2021-02-25,70-79,1241,1246,0
2021-02-25,90+,142,164,0
2021-02-25,50-59,5093,5354,0
2021-02-25,0-19,5392,5614,0
2021-02-26,40-49,4288,5330,0
2021-02-26,70-79,533,535,0
2021-02-26,30-39,6702,10553,0
2021-02-26,60-69,1196,1077,0
2021-02-26,90+,51,67,0
2021-02-26,80-89,289,248,0
2021-02-26,20-29,7508,8679,0
2021-02-26,0-19,2646,2725,0
2021-02-26,50-59,2599,2735,0
2021-02-27,90+,17,34,0
2021-02-27,30-39,4163,6906,0
2021-02-27,70-79,344,271,0
2021-02-27,40-49,2873,3169,0
2021-02-27,60-69,741,560,0
2021-02-27,50-59,1726,1605,0
2021-02-27,80-89,145,126,0
2021-02-27,0-19,2525,1963,0
2021-02-27,20-29,5751,6530,0
2021-02-28,60-69,2154,2079,0
2021-02-28,50-59,3829,4530,0
2021-02-28,30-39,9893,17095,0
2021-02-28,40-49,6403,8630,0
2021-02-28,90+,94,170,0
2021-02-28,70-79,1113,1138,0
2021-02-28,80-89,543,592,0
2021-02-28,20-29,11372,16630,0
2021-02-28,0-19,4829,4944,0
2021-03-01,70-79,1340,1161,0
2021-03-01,30-39,11138,18947,0
2021-03-01,60-69,2615,2181,0
2021-03-01,40-49,7137,8182,0
2021-03-01,50-59,4502,4533,0
2021-03-01,20-29,13027,20648,0
2021-03-01,90+,129,143,0
2021-03-01,80-89,619,615,0
2021-03-01,0-19,5066,4928,0
2021-03-02,70-79,1436,1203,0
2021-03-02,60-69,2798,2427,0
2021-03-02,40-49,6483,9038,0
2021-03-02,50-59,4370,5121,0
2021-03-02,90+,121,223,0
2021-03-02,30-39,9500,19080,0
2021-03-02,0-19,4278,4866,0
2021-03-02,80-89,573,648,0
2021-03-02,20-29,11475,22056,0
2021-03-03,50-59,4439,5543,0
2021-03-03,60-69,2844,2662,0
2021-03-03,80-89,639,618,0
2021-03-03,0-19,4853,5087,0
2021-03-03,90+,131,182,0
2021-03-03,40-49,6538,9158,0
2021-03-03,30-39,9296,19326,0
2021-03-03,20-29,11587,22778,0
2021-03-03,70-79,1546,1308,0
2021-03-04,50-59,4349,6703,0
2021-03-04,20-29,10913,26502,0
2021-03-04,0-19,4455,6142,0
2021-03-04,70-79,1223,1415,0
2021-03-04,30-39,9030,22807,0
2021-03-04,60-69,2546,3096,0
2021-03-04,90+,107,142,0
2021-03-04,40-49,6404,11541,0
2021-03-04,80-89,517,637,0
2021-03-05,50-59,1981,3408,0
2021-03-05,0-19,1762,3012,0
2021-03-05,80-89,205,267,0
2021-03-05,20-29,4727,13603,0
2021-03-05,60-69,1024,1462,0
2021-03-05,70-79,491,624,0
2021-03-05,40-49,2951,6187,0
2021-03-05,30-39,4032,11744,0
2021-03-05,90+,40,64,0
2021-03-06,0-19,1444,2099,0
2021-03-06,80-89,77,155,0
2021-03-06,20-29,3235,8316,0
2021-03-06,50-59,1167,2467,0
2021-03-06,60-69,586,934,0
2021-03-06,30-39,2145,6996,0
2021-03-06,90+,21,29,0
2021-03-06,70-79,253,352,0
2021-03-06,40-49,1687,3951,0
2021-03-07,20-29,8763,23070,0
2021-03-07,0-19,3874,6530,0
2021-03-07,90+,135,131,0
2021-03-07,40-49,4766,11079,0
2021-03-07,80-89,532,684,0
2021-03-07,50-59,3134,6548,0
2021-03-07,70-79,1091,1605,0
2021-03-07,30-39,6714,19772,0
2021-03-07,60-69,2019,3335,0
2021-03-08,20-29,8091,22560,0
2021-03-08,90+,106,208,0
2021-03-08,80-89,422,773,0
2021-03-08,50-59,2749,7067,0
2021-03-08,70-79,899,1651,0
2021-03-08,60-69,1635,3568,0
2021-03-08,0-19,3350,6381,0
2021-03-08,40-49,4016,11444,0
2021-03-08,30-39,5964,19526,0
2021-03-09,80-89,428,766,0
2021-03-09,0-19,3350,7463,0
2021-03-09,50-59,2655,7084,0
2021-03-09,20-29,7716,24101,0
2021-03-09,40-49,4015,11780,0
2021-03-09,30-39,5848,19875,0
2021-03-09,70-79,812,1717,0
2021-03-09,90+,87,166,0
2021-03-09,60-69,1694,3558,0
2021-03-10,80-89,341,422,0
2021-03-10,70-79,714,1031,0
2021-03-10,40-49,3464,9022,0
2021-03-10,90+,88,94,0
2021-03-10,30-39,4932,14959,0
2021-03-10,60-69,1291,2377,0
2021-03-10,20-29,6731,19577,0
2021-03-10,0-19,3463,5987,0
2021-03-10,50-59,2171,5106,0
2021-03-11,90+,74,62,0
2021-03-11,30-39,5241,18390,0
2021-03-11,40-49,3588,11260,0
2021-03-11,70-79,594,1070,0
2021-03-11,60-69,1318,2881,0
2021-03-11,80-89,320,403,0
2021-03-11,20-29,6701,21666,0
2021-03-11,0-19,3094,6902,0
2021-03-11,50-59,2200,6332,0
2021-03-12,50-59,1024,3834,0
2021-03-12,60-69,561,1511,0
2021-03-12,40-49,1763,6803,0
2021-03-12,80-89,112,182,0
2021-03-12,20-29,3413,13137,0
2021-03-12,0-19,1426,4056,0
2021-03-12,30-39,2550,11305,0
2021-03-12,90+,28,20,0
2021-03-12,70-79,272,483,0
2021-03-13,50-59,715,2351,0
2021-03-13,20-29,2551,8201,0
2021-03-13,80-89,53,148,0
2021-03-13,0-19,1122,2997,0
2021-03-13,90+,<15,26,0
2021-03-13,70-79,139,336,0
2021-03-13,60-69,330,931,0
2021-03-13,30-39,1681,6101,0
2021-03-13,40-49,1277,4103,0
2021-03-14,20-29,6308,22255,0
2021-03-14,0-19,2974,7361,0
2021-03-14,40-49,2986,11736,0
2021-03-14,30-39,4561,19722,0
2021-03-14,70-79,581,1687,0
2021-03-14,50-59,1921,6770,0
2021-03-14,80-89,287,693,0
2021-03-14,60-69,1181,3500,0
2021-03-14,90+,66,142,0
2021-03-15,80-89,263,835,0
2021-03-15,0-19,2611,8049,0
2021-03-15,30-39,4542,20410,0
2021-03-15,90+,57,200,0
2021-03-15,20-29,6136,23759,0
2021-03-15,70-79,514,1962,0
2021-03-15,60-69,1059,3806,0
2021-03-15,40-49,2970,12045,0
2021-03-15,50-59,1830,7089,0
2021-03-16,80-89,263,758,0
2021-03-16,20-29,5677,22215,0
2021-03-16,0-19,2570,7979,0
2021-03-16,50-59,1656,6377,0
2021-03-16,70-79,527,1699,0
2021-03-16,90+,76,141,0
2021-03-16,40-49,2787,10674,0
2021-03-16,60-69,1005,3391,0
2021-03-16,30-39,4045,18156,0
2021-03-17,20-29,5225,17900,0
2021-03-17,0-19,2347,6295,0
2021-03-17,30-39,3961,14900,0
2021-03-17,40-49,2637,8971,0
2021-03-17,70-79,462,1572,0
2021-03-17,60-69,988,2903,0
2021-03-17,90+,45,158,0
2021-03-17,80-89,231,699,0
2021-03-17,50-59,1668,5527,0
2021-03-18,30-39,3605,15025,0
2021-03-18,70-79,439,1293,0
2021-03-18,50-59,1540,5552,0
2021-03-18,0-19,2043,6001,0
2021-03-18,80-89,236,642,0
2021-03-18,20-29,4611,17184,0
2021-03-18,60-69,924,2840,0
2021-03-18,90+,67,131,0
2021-03-18,40-49,2425,9360,0
2021-03-19,30-39,1728,7524,0
2021-03-19,90+,<15,41,0
2021-03-19,70-79,134,544,0
2021-03-19,80-89,73,281,0
2021-03-19,20-29,1938,8373,0
2021-03-19,60-69,318,1215,0
2021-03-19,50-59,662,2702,0
2021-03-19,40-49,1120,4539,0
2021-03-19,0-19,816,2685,0
2021-03-20,60-69,230,605,0
2021-03-20,40-49,768,2458,0
2021-03-20,0-19,717,2067,0
2021-03-20,90+,<15,<15,0
2021-03-20,80-89,47,104,0
2021-03-20,50-59,464,1430,0
2021-03-20,70-79,102,296,0
2021-03-20,30-39,1040,3379,0
2021-03-20,20-29,1766,4906,0
2021-03-21,90+,47,101,0
2021-03-21,50-59,1190,3717,0
2021-03-21,30-39,2947,10322,0
2021-03-21,40-49,1831,6247,0
2021-03-21,70-79,376,1038,0
2021-03-21,60-69,748,2119,0
2021-03-21,20-29,3995,11778,0
2021-03-21,80-89,179,556,0
2021-03-21,0-19,1763,4544,0
2021-03-22,50-59,1202,3652,0
2021-03-22,20-29,4202,12004,0
2021-03-22,90+,69,125,0
2021-03-22,70-79,415,1054,0
2021-03-22,30-39,3043,10254,0
2021-03-22,40-49,1901,6206,0
2021-03-22,80-89,162,554,0
2021-03-22,0-19,1688,4598,0
2021-03-22,60-69,736,1983,0
2021-03-23,80-89,27,89,0
2021-03-23,60-69,183,295,0
2021-03-23,40-49,390,1187,0
2021-03-23,90+,<15,18,0
2021-03-23,30-39,569,1759,0
2021-03-23,70-79,65,178,0
2021-03-23,20-29,833,2203,0
2021-03-23,0-19,319,827,0
2021-03-23,50-59,279,647,0
2021-03-24,90+,43,140,0
2021-03-24,70-79,304,1260,0
2021-03-24,40-49,1639,6917,0
2021-03-24,60-69,546,2336,0
2021-03-24,30-39,2343,11369,0
2021-03-24,0-19,1380,5297,0
2021-03-24,80-89,180,664,0
2021-03-24,50-59,910,4070,0
2021-03-24,20-29,3508,14383,0
2021-03-25,60-69,549,1582,0
2021-03-25,50-59,935,3177,0
2021-03-25,20-29,3108,10931,0
2021-03-25,0-19,1265,4314,0
2021-03-25,80-89,152,414,0
2021-03-25,30-39,2272,8622,0
2021-03-25,70-79,278,763,0
2021-03-25,90+,45,97,0
2021-03-25,40-49,1495,5416,0
2021-03-26,20-29,1200,4175,0
2021-03-26,50-59,392,1161,0
2021-03-26,70-79,98,254,0
2021-03-26,30-39,993,3290,0
2021-03-26,80-89,43,141,0
2021-03-26,0-19,455,1532,0
2021-03-26,90+,18,31,0
2021-03-26,60-69,226,538,0
2021-03-26,40-49,624,2128,0
2021-03-27,20-29,586,1500,0
2021-03-27,30-39,388,875,0
2021-03-27,50-59,134,387,0
2021-03-27,0-19,255,543,0
2021-03-27,90+,<15,<15,0
2021-03-27,80-89,<15,27,0
2021-03-27,70-79,29,70,0
2021-03-27,60-69,82,164,0
2021-03-27,40-49,240,649,0
2021-03-28,20-29,730,1499,0
2021-03-28,0-19,284,678,0
2021-03-28,80-89,15,28,0
2021-03-28,60-69,69,189,0
2021-03-28,90+,<15,<15,0
2021-03-28,40-49,290,710,0
2021-03-28,30-39,440,937,0
2021-03-28,70-79,39,90,0
2021-03-28,50-59,181,429,0
2021-03-29,0-19,904,3643,0
2021-03-29,20-29,1870,8815,0
2021-03-29,80-89,130,433,0
2021-03-29,90+,47,107,0
2021-03-29,70-79,227,825,0
2021-03-29,60-69,460,1548,0
2021-03-29,30-39,1422,7012,0
2021-03-29,40-49,1024,4699,0
2021-03-29,50-59,717,2847,0
2021-03-30,90+,58,81,0
2021-03-30,80-89,156,376,0
2021-03-30,20-29,2232,6677,0
2021-03-30,0-19,1119,2835,0
2021-03-30,50-59,730,2121,0
2021-03-30,70-79,275,615,0
2021-03-30,30-39,1598,5101,0
2021-03-30,40-49,1064,3346,0
2021-03-30,60-69,484,1165,0
2021-03-31,0-19,1001,2321,0
2021-03-31,80-89,200,283,0
2021-03-31,20-29,2303,5662,0
2021-03-31,30-39,1671,4707,0
2021-03-31,70-79,303,541,0
2021-03-31,50-59,800,1779,0
2021-03-31,90+,58,74,0
2021-03-31,60-69,488,1002,0
2021-03-31,40-49,1182,2978,0
2021-04-01,20-29,2292,5740,0
2021-04-01,80-89,168,240,0
2021-04-01,0-19,1111,2368,0
2021-04-01,50-59,787,1648,0
2021-04-01,40-49,1222,2766,0
2021-04-01,60-69,493,883,0
2021-04-01,30-39,1620,4426,0
2021-04-01,90+,48,63,0
2021-04-01,70-79,264,429,0
2021-04-02,20-29,832,2550,0
2021-04-02,0-19,325,905,0
2021-04-02,80-89,28,84,0
2021-04-02,90+,<15,16,0
2021-04-02,60-69,132,323,0
2021-04-02,30-39,674,2083,0
2021-04-02,40-49,444,1293,0
2021-04-02,70-79,64,141,0
2021-04-02,50-59,312,642,0
2021-04-03,30-39,254,600,0
2021-04-03,90+,<15,<15,0
2021-04-03,70-79,32,60,0
2021-04-03,20-29,474,1078,0
2021-04-03,80-89,<15,16,0
2021-04-03,0-19,208,386,0
2021-04-03,60-69,63,108,0
2021-04-03,40-49,185,437,0
2021-04-03,50-59,134,222,0
2021-04-04,80-89,162,310,0
2021-04-04,20-29,2849,7121,0
2021-04-04,30-39,2102,5431,0
2021-04-04,40-49,1369,3471,0
2021-04-04,90+,57,69,0
2021-04-04,60-69,561,1023,0
2021-04-04,70-79,315,503,0
2021-04-04,50-59,869,1850,0
2021-04-04,0-19,1275,2991,0
2021-04-05,70-79,365,469,0
2021-04-05,60-69,585,900,0
2021-04-05,40-49,1419,2954,0
2021-04-05,30-39,2184,4822,0
2021-04-05,80-89,224,248,0
2021-04-05,90+,70,77,0
2021-04-05,0-19,1495,3119,0
2021-04-05,20-29,2937,6807,0
2021-04-05,50-59,933,1756,0
2021-04-06,60-69,567,801,0
2021-04-06,40-49,1268,2479,0
2021-04-06,50-59,852,1401,0
2021-04-06,0-19,1171,2206,0
2021-04-06,20-29,2420,5141,0
2021-04-06,80-89,189,194,0
2021-04-06,70-79,374,407,0
2021-04-06,90+,66,71,0
2021-04-06,30-39,1930,3930,0
2021-04-07,50-59,848,1294,0
2021-04-07,60-69,590,669,0
2021-04-07,30-39,1816,3462,0
2021-04-07,70-79,310,355,0
2021-04-07,40-49,1204,2317,0
2021-04-07,90+,82,56,0
2021-04-07,20-29,2499,4672,0
2021-04-07,80-89,177,216,0
2021-04-07,0-19,1206,2126,0
2021-04-08,30-39,2014,4212,0
2021-04-08,50-59,850,1443,0
2021-04-08,20-29,2579,5110,0
2021-04-08,90+,83,47,0
2021-04-08,80-89,184,208,0
2021-04-08,0-19,1222,2098,0
2021-04-08,70-79,309,379,0
2021-04-08,40-49,1389,2560,0
2021-04-08,60-69,581,803,0
2021-04-09,20-29,940,1843,0
2021-04-09,80-89,40,67,0
2021-04-09,0-19,452,764,0
2021-04-09,40-49,505,946,0
2021-04-09,30-39,899,1641,0
2021-04-09,70-79,76,104,0
2021-04-09,60-69,173,233,0
2021-04-09,50-59,334,502,0
2021-04-09,90+,<15,<15,0
2021-04-10,0-19,193,492,0
2021-04-10,80-89,<15,28,0
2021-04-10,30-39,340,745,0
2021-04-10,70-79,41,60,0
2021-04-10,40-49,211,521,0
2021-04-10,20-29,515,1200,0
2021-04-10,90+,<15,<15,0
2021-04-10,60-69,75,113,0
2021-04-10,50-59,141,297,0
2021-04-11,80-89,159,176,0
2021-04-11,50-59,771,1175,0
2021-04-11,20-29,2560,4449,0
2021-04-11,0-19,1283,2026,0
2021-04-11,70-79,344,338,0
2021-04-11,30-39,1979,3272,0
2021-04-11,90+,60,64,0
2021-04-11,40-49,1205,1987,0
2021-04-11,60-69,565,668,0
2021-04-12,20-29,2476,4244,0
2021-04-12,80-89,210,161,0
2021-04-12,0-19,1343,1755,0
2021-04-12,70-79,330,356,0
2021-04-12,40-49,1154,1809,0
2021-04-12,60-69,560,629,0
2021-04-12,30-39,1742,3032,0
2021-04-12,90+,78,63,0
2021-04-12,50-59,852,1044,0
2021-04-13,90+,86,30,0
2021-04-13,30-39,1264,1240,0
2021-04-13,70-79,236,134,0
2021-04-13,40-49,821,690,0
2021-04-13,0-19,661,574,0
2021-04-13,80-89,160,77,0
2021-04-13,20-29,1536,1441,0
2021-04-13,60-69,344,244,0
2021-04-13,50-59,543,410,0
2021-04-14,80-89,72,113,0
2021-04-14,60-69,227,289,0
2021-04-14,40-49,532,799,0
2021-04-14,50-59,386,494,0
2021-04-14,70-79,141,159,0
2021-04-14,30-39,817,1215,0
2021-04-14,90+,17,34,0
2021-04-14,0-19,382,588,0
2021-04-14,20-29,889,1475,0
2021-04-15,60-69,44,28,0
2021-04-15,30-39,88,96,0
2021-04-15,80-89,<15,<15,0
2021-04-15,90+,<15,<15,0
2021-04-15,20-29,130,127,0
2021-04-15,0-19,50,62,0
2021-04-15,70-79,27,25,0
2021-04-15,40-49,64,78,0
2021-04-15,50-59,77,51,0
2021-04-16,70-79,75,132,0
2021-04-16,90+,<15,24,0
2021-04-16,30-39,741,1656,0
2021-04-16,50-59,296,492,0
2021-04-16,40-49,472,1017,0
2021-04-16,60-69,183,297,0
2021-04-16,20-29,974,2033,0
2021-04-16,0-19,442,785,0
2021-04-16,80-89,45,82,0
2021-04-17,50-59,69,146,0
2021-04-17,20-29,268,688,0
2021-04-17,90+,0,<15,0
2021-04-17,80-89,<15,<15,0
2021-04-17,30-39,177,447,0
2021-04-17,40-49,104,274,0
2021-04-17,60-69,33,75,0
2021-04-17,70-79,19,25,0
2021-04-17,0-19,80,268,0
2021-04-18,70-79,230,210,0
2021-04-18,60-69,456,375,0
2021-04-18,30-39,1422,1715,0
2021-04-18,40-49,964,996,0
2021-04-18,20-29,2065,2415,0
2021-04-18,0-19,1092,983,0
2021-04-18,50-59,634,570,0
2021-04-18,80-89,93,90,0
2021-04-18,90+,31,26,0
2021-04-19,90+,32,55,0
2021-04-19,50-59,573,601,0
2021-04-19,40-49,848,916,0
2021-04-19,60-69,391,392,0
2021-04-19,80-89,95,142,0
2021-04-19,0-19,952,895,0
2021-04-19,20-29,1866,2215,0
2021-04-19,30-39,1282,1586,0
2021-04-19,70-79,204,209,0
2021-04-20,50-59,593,567,0
2021-04-20,20-29,1709,1953,0
2021-04-20,80-89,97,147,0
2021-04-20,0-19,828,825,0
2021-04-20,30-39,1362,1609,0
2021-04-20,60-69,358,421,0
2021-04-20,40-49,902,958,0
2021-04-20,90+,38,61,0
2021-04-20,70-79,207,209,0
2021-04-21,20-29,1718,2093,0
2021-04-21,30-39,1342,1545,0
2021-04-21,70-79,209,220,0
2021-04-21,40-49,869,1017,0
2021-04-21,50-59,662,616,0
2021-04-21,0-19,818,880,0
2021-04-21,60-69,390,373,0
2021-04-21,80-89,121,163,0
2021-04-21,90+,48,54,0
2021-04-22,80-89,85,165,0
2021-04-22,90+,<15,61,0
2021-04-22,30-39,1245,1698,0
2021-04-22,0-19,762,951,0
2021-04-22,20-29,1614,2203,0
2021-04-22,70-79,210,255,0
2021-04-22,50-59,571,703,0
2021-04-22,60-69,396,415,0
2021-04-22,40-49,889,1080,0
2021-04-23,20-29,698,974,0
2021-04-23,80-89,27,35,0
2021-04-23,0-19,403,456,0
2021-04-23,50-59,268,324,0
2021-04-23,40-49,399,484,0
2021-04-23,30-39,637,802,0
2021-04-23,90+,<15,<15,0
2021-04-23,70-79,52,51,0
2021-04-23,60-69,119,140,0
2021-04-24,20-29,244,471,0
2021-04-24,0-19,110,179,0
2021-04-24,40-49,106,180,0
2021-04-24,30-39,135,256,0
2021-04-24,70-79,<15,16,0
2021-04-24,60-69,23,31,0
2021-04-24,90+,0,<15,0
2021-04-24,80-89,<15,<15,0
2021-04-24,50-59,56,94,0
2021-04-25,90+,17,36,0
2021-04-25,30-39,1042,1585,0
2021-04-25,50-59,434,549,0
2021-04-25,0-19,611,894,0
2021-04-25,80-89,76,110,0
2021-04-25,20-29,1394,2146,0
2021-04-25,70-79,167,203,0
2021-04-25,60-69,301,382,0
2021-04-25,40-49,685,944,0
2021-04-26,80-89,78,154,0
2021-04-26,0-19,860,1169,0
2021-04-26,20-29,1617,2422,0
2021-04-26,90+,29,49,0
2021-04-26,70-79,162,253,0
2021-04-26,40-49,728,1070,0
2021-04-26,30-39,1184,1637,0
2021-04-26,60-69,259,358,0
2021-04-26,50-59,434,654,0
2021-04-27,0-19,640,854,0
2021-04-27,90+,28,59,0
2021-04-27,80-89,97,158,0
2021-04-27,20-29,1124,1784,0
2021-04-27,50-59,453,590,0
2021-04-27,70-79,161,237,0
2021-04-27,30-39,971,1468,0
2021-04-27,60-69,265,395,0
2021-04-27,40-49,630,930,0
2021-04-28,80-89,57,156,0
2021-04-28,0-19,645,1052,0
2021-04-28,20-29,1279,2177,0
2021-04-28,90+,21,79,0
2021-04-28,50-59,385,617,0
2021-04-28,30-39,942,1532,0
2021-04-28,60-69,247,404,0
2021-04-28,70-79,139,222,0
2021-04-28,40-49,621,920,0
2021-04-29,20-29,1069,2072,0
2021-04-29,30-39,955,1641,0
2021-04-29,40-49,695,1010,0
2021-04-29,90+,16,69,0
2021-04-29,70-79,143,245,0
2021-04-29,80-89,79,153,0
2021-04-29,0-19,564,933,0
2021-04-29,50-59,414,630,0
2021-04-29,60-69,281,394,0
2021-04-30,80-89,21,65,0
2021-04-30,70-79,28,77,0
2021-04-30,40-49,326,435,0
2021-04-30,90+,<15,<15,0
2021-04-30,60-69,102,124,0
2021-04-30,30-39,435,821,0
2021-04-30,20-29,429,866,0
2021-04-30,0-19,244,402,0
2021-04-30,50-59,185,259,0
2021-05-01,90+,0,<15,0
2021-05-01,30-39,89,202,0
2021-05-01,60-69,<15,33,0
2021-05-01,70-79,<15,<15,0
2021-05-01,40-49,60,113,0
2021-05-01,20-29,149,314,0
2021-05-01,80-89,<15,<15,0
2021-05-01,0-19,47,111,0
2021-05-01,50-59,24,45,0
2021-05-02,40-49,416,782,0
2021-05-02,90+,<15,31,0
2021-05-02,70-79,107,174,0
2021-05-02,30-39,707,1392,0
2021-05-02,50-59,295,414,0
2021-05-02,60-69,165,326,0
2021-05-02,20-29,902,1844,0
2021-05-02,80-89,49,94,0
2021-05-02,0-19,513,938,0
2021-05-03,30-39,782,1352,0
2021-05-03,70-79,96,198,0
2021-05-03,50-59,308,446,0
2021-05-03,80-89,51,113,0
2021-05-03,90+,15,49,0
2021-05-03,40-49,499,790,0
2021-05-03,60-69,205,334,0
2021-05-03,0-19,528,795,0
2021-05-03,20-29,933,1594,0
2021-05-04,40-49,482,677,0
2021-05-04,60-69,206,238,0
2021-05-04,70-79,132,171,0
2021-05-04,30-39,759,1044,0
2021-05-04,20-29,980,1264,0
2021-05-04,0-19,443,615,0
2021-05-04,50-59,329,380,0
2021-05-04,80-89,65,130,0
2021-05-04,90+,18,55,0
2021-05-05,50-59,265,351,0
2021-05-05,60-69,168,185,0
2021-05-05,40-49,488,527,0
2021-05-05,70-79,83,144,0
2021-05-05,90+,15,36,0
2021-05-05,30-39,761,913,0
2021-05-05,0-19,503,549,0
2021-05-05,80-89,59,109,0
2021-05-05,20-29,798,1099,0
2021-05-06,50-59,371,243,0
2021-05-06,0-19,555,489,0
2021-05-06,20-29,901,918,0
2021-05-06,80-89,44,53,0
2021-05-06,60-69,177,156,0
2021-05-06,90+,<15,<15,0
2021-05-06,70-79,99,80,0
2021-05-06,40-49,490,384,0
2021-05-06,30-39,820,627,0
2021-05-07,0-19,209,315,0
2021-05-07,20-29,423,704,0
2021-05-07,50-59,175,209,0
2021-05-07,60-69,106,117,0
2021-05-07,30-39,435,542,0
2021-05-07,70-79,41,42,0
2021-05-07,40-49,283,354,0
2021-05-07,80-89,<15,40,0
2021-05-07,90+,<15,<15,0
2021-05-08,20-29,66,179,0
2021-05-08,80-89,<15,0,0
2021-05-08,0-19,25,49,0
2021-05-08,30-39,43,96,0
2021-05-08,70-79,<15,<15,0
2021-05-08,90+,0,<15,0
2021-05-08,50-59,15,32,0
2021-05-08,40-49,23,54,0
2021-05-08,60-69,<15,17,0
2021-05-09,20-29,746,1406,0
2021-05-09,80-89,38,86,0
2021-05-09,0-19,435,698,0
2021-05-09,50-59,277,361,0
2021-05-09,70-79,96,154,0
2021-05-09,90+,<15,46,0
2021-05-09,40-49,406,572,0
2021-05-09,60-69,133,290,0
2021-05-09,30-39,625,1039,0
2021-05-10,20-29,708,1301,0
2021-05-10,0-19,400,700,0
2021-05-10,90+,18,51,0
2021-05-10,60-69,149,255,0
2021-05-10,80-89,39,102,0
2021-05-10,70-79,99,159,0
2021-05-10,30-39,642,1018,0
2021-05-10,40-49,436,602,0
2021-05-10,50-59,288,369,0
2021-05-11,90+,<15,17,0
2021-05-11,70-79,69,126,0
2021-05-11,30-39,556,855,0
2021-05-11,20-29,692,1082,0
2021-05-11,50-59,222,335,0
2021-05-11,80-89,51,67,0
2021-05-11,0-19,394,485,0
2021-05-11,40-49,330,536,0
2021-05-11,60-69,122,180,0
2021-05-12,20-29,467,826,0
2021-05-12,80-89,27,71,0
2021-05-12,30-39,482,715,0
2021-05-12,70-79,55,96,0
2021-05-12,40-49,288,454,0
2021-05-12,60-69,127,181,0
2021-05-12,90+,21,29,0
2021-05-12,50-59,174,265,0
2021-05-12,0-19,205,503,0
2021-05-13,40-49,266,494,0
2021-05-13,70-79,52,129,0
2021-05-13,30-39,392,753,0
2021-05-13,60-69,112,196,0
2021-05-13,80-89,24,74,0
2021-05-13,90+,<15,<15,0
2021-05-13,0-19,315,660,0
2021-05-13,20-29,522,919,0
2021-05-13,50-59,153,282,0
2021-05-14,90+,<15,<15,0
2021-05-14,30-39,175,338,0
2021-05-14,40-49,106,201,0
2021-05-14,60-69,35,60,0
2021-05-14,70-79,28,37,0
2021-05-14,80-89,<15,21,0
2021-05-14,0-19,146,232,0
2021-05-14,50-59,86,124,0
2021-05-14,20-29,204,342,0
2021-05-15,60-69,<15,19,0
2021-05-15,50-59,16,43,0
2021-05-15,20-29,53,54,0
2021-05-15,30-39,30,31,0
2021-05-15,40-49,25,23,0
2021-05-15,70-79,<15,<15,0
2021-05-15,80-89,<15,<15,0
2021-05-15,0-19,<15,<15,0
2021-05-16,70-79,15,28,0
2021-05-16,40-49,60,151,0
2021-05-16,90+,0,<15,0
2021-05-16,60-69,25,55,0
2021-05-16,30-39,88,269,0
2021-05-16,20-29,136,365,0
2021-05-16,50-59,43,92,0
2021-05-16,0-19,65,169,0
2021-05-16,80-89,<15,17,0
2021-05-17,50-59,25,112,0
2021-05-17,70-79,<15,23,0
2021-05-17,60-69,<15,72,0
2021-05-17,40-49,34,107,0
2021-05-17,30-39,38,137,0
2021-05-17,0-19,23,76,0
2021-05-17,80-89,0,<15,0
2021-05-17,20-29,60,234,0
2021-05-18,50-59,193,456,0
2021-05-18,60-69,113,320,0
2021-05-18,40-49,261,674,0
2021-05-18,20-29,449,1228,0
2021-05-18,70-79,65,216,0
2021-05-18,30-39,399,1155,0
2021-05-18,90+,<15,40,0
2021-05-18,80-89,30,95,0
2021-05-18,0-19,310,642,0
2021-05-19,30-39,430,1072,0
2021-05-19,70-79,66,140,0
2021-05-19,80-89,43,90,0
2021-05-19,90+,26,30,0
2021-05-19,40-49,270,649,0
2021-05-19,60-69,130,330,0
2021-05-19,0-19,305,687,0
2021-05-19,50-59,171,456,0
2021-05-19,20-29,614,1447,0
2021-05-20,80-89,21,81,0
2021-05-20,90+,<15,27,0
2021-05-20,30-39,469,859,0
2021-05-20,70-79,67,135,0
2021-05-20,40-49,287,521,0
2021-05-20,60-69,126,213,0
2021-05-20,20-29,593,1008,0
2021-05-20,0-19,370,554,0
2021-05-20,50-59,192,350,0
2021-05-21,90+,0,<15,0
2021-05-21,70-79,18,32,0
2021-05-21,40-49,141,174,0
2021-05-21,30-39,259,321,0
2021-05-21,50-59,98,98,0
2021-05-21,60-69,52,70,0
2021-05-21,20-29,296,324,0
2021-05-21,0-19,165,217,0
2021-05-21,80-89,<15,22,0
2021-05-22,50-59,21,28,0
2021-05-22,70-79,<15,<15,0
2021-05-22,30-39,31,90,0
2021-05-22,80-89,<15,<15,0
2021-05-22,40-49,17,57,0
2021-05-22,60-69,<15,<15,0
2021-05-22,90+,0,<15,0
2021-05-22,20-29,52,110,0
2021-05-22,0-19,19,34,0
2021-05-23,70-79,52,102,0
2021-05-23,30-39,519,760,0
2021-05-23,40-49,284,424,0
2021-05-23,60-69,107,148,0
2021-05-23,0-19,364,505,0
2021-05-23,20-29,613,884,0
2021-05-23,50-59,236,263,0
2021-05-23,80-89,24,46,0
2021-05-23,90+,<15,<15,0
2021-05-24,60-69,114,175,0
2021-05-24,40-49,254,511,0
2021-05-24,90+,<15,16,0
2021-05-24,30-39,453,925,0
2021-05-24,70-79,54,112,0
2021-05-24,50-59,225,304,0
2021-05-24,80-89,26,63,0
2021-05-24,0-19,334,497,0
2021-05-24,20-29,518,884,0
2021-05-25,50-59,152,237,0
2021-05-25,0-19,233,355,0
2021-05-25,60-69,136,173,0
2021-05-25,30-39,378,542,0
2021-05-25,20-29,404,616,0
2021-05-25,80-89,29,68,0
2021-05-25,40-49,264,354,0
2021-05-25,70-79,61,96,0
2021-05-25,90+,<15,24,0
2021-05-26,0-19,213,354,0
2021-05-26,50-59,109,191,0
2021-05-26,20-29,342,611,0
2021-05-26,30-39,251,597,0
2021-05-26,60-69,73,130,0
2021-05-26,90+,<15,<15,0
2021-05-26,70-79,53,88,0
2021-05-26,40-49,177,328,0
2021-05-26,80-89,24,52,0
2021-05-27,20-29,486,894,0
2021-05-27,70-79,50,89,0
2021-05-27,30-39,382,614,0
2021-05-27,0-19,266,575,0
2021-05-27,80-89,21,63,0
2021-05-27,50-59,159,225,0
2021-05-27,90+,<15,23,0
2021-05-27,40-49,232,357,0
2021-05-27,60-69,76,149,0
2021-05-28,20-29,168,258,0
2021-05-28,80-89,<15,<15,0
2021-05-28,0-19,100,150,0
2021-05-28,50-59,79,159,0
2021-05-28,70-79,<15,37,0
2021-05-28,60-69,33,86,0
2021-05-28,90+,<15,<15,0
2021-05-28,30-39,143,340,0
2021-05-28,40-49,99,223,0
2021-05-29,20-29,27,67,0
2021-05-29,0-19,<15,25,0
2021-05-29,90+,0,<15,0
2021-05-29,60-69,<15,<15,0
2021-05-29,80-89,<15,<15,0
2021-05-29,30-39,23,33,0
2021-05-29,40-49,24,20,0
2021-05-29,70-79,0,<15,0
2021-05-29,50-59,<15,<15,0
2021-05-30,90+,<15,<15,0
2021-05-30,30-39,359,441,0
2021-05-30,70-79,58,78,0
2021-05-30,20-29,403,475,0
2021-05-30,80-89,24,35,0
2021-05-30,50-59,158,157,0
2021-05-30,0-19,227,283,0
2021-05-30,40-49,230,273,0
2021-05-30,60-69,94,103,0
2021-05-31,20-29,490,520,0
2021-05-31,80-89,<15,18,0
2021-05-31,50-59,120,187,0
2021-05-31,30-39,442,496,0
2021-05-31,60-69,89,117,0
2021-05-31,40-49,207,273,0
2021-05-31,90+,<15,<15,0
2021-05-31,70-79,42,60,0
2021-05-31,0-19,179,309,0
2021-06-01,70-79,37,51,0
2021-06-01,30-39,228,404,0
2021-06-01,90+,<15,<15,0
2021-06-01,80-89,26,38,0
2021-06-01,60-69,57,98,0
2021-06-01,40-49,176,225,0
2021-06-01,50-59,134,142,0
2021-06-01,20-29,350,461,0
2021-06-01,0-19,192,290,0
2021-06-02,60-69,69,81,0
2021-06-02,40-49,186,196,0
2021-06-02,70-79,40,48,0
2021-06-02,20-29,443,418,0
2021-06-02,50-59,114,125,0
2021-06-02,80-89,15,26,0
2021-06-02,0-19,202,237,0
2021-06-02,90+,<15,<15,0
2021-06-02,30-39,264,333,0
2021-06-03,60-69,67,88,0
2021-06-03,50-59,110,120,0
2021-06-03,20-29,393,341,0
2021-06-03,30-39,248,298,0
2021-06-03,70-79,38,39,0
2021-06-03,90+,<15,<15,0
2021-06-03,40-49,168,173,0
2021-06-03,80-89,<15,30,0
2021-06-03,0-19,492,223,0
2021-06-04,20-29,99,124,0
2021-06-04,50-59,63,64,0
2021-06-04,0-19,517,92,0
2021-06-04,80-89,<15,<15,0
2021-06-04,40-49,105,92,0
2021-06-04,60-69,18,30,0
2021-06-04,90+,0,<15,0
2021-06-04,30-39,124,151,0
2021-06-04,70-79,<15,20,0
2021-06-05,0-19,25,<15,0
2021-06-05,20-29,35,22,0
2021-06-05,50-59,<15,<15,0
2021-06-05,30-39,32,19,0
2021-06-05,70-79,0,<15,0
2021-06-05,60-69,<15,<15,0
2021-06-05,40-49,<15,<15,0
2021-06-06,40-49,132,95,0
2021-06-06,30-39,257,190,0
2021-06-06,20-29,303,230,0
2021-06-06,90+,<15,<15,0
2021-06-06,70-79,42,31,0
2021-06-06,0-19,3272,206,0
2021-06-06,80-89,<15,<15,0
2021-06-06,50-59,121,71,0
2021-06-06,60-69,63,46,0
2021-06-07,80-89,27,24,0
2021-06-07,70-79,39,29,0
2021-06-07,30-39,330,156,0
2021-06-07,60-69,68,37,0
2021-06-07,90+,<15,<15,0
2021-06-07,40-49,187,96,0
2021-06-07,0-19,3035,86,0
2021-06-07,50-59,109,67,0
2021-06-07,20-29,454,183,0
2021-06-08,90+,<15,<15,0
2021-06-08,80-89,<15,15,0
2021-06-08,30-39,262,241,0
2021-06-08,40-49,134,150,0
2021-06-08,70-79,21,33,0
2021-06-08,60-69,66,69,0
2021-06-08,20-29,255,263,0
2021-06-08,0-19,2751,163,0
2021-06-08,50-59,99,107,0
2021-06-09,70-79,46,51,0
2021-06-09,40-49,159,132,0
2021-06-09,30-39,240,249,0
2021-06-09,90+,<15,<15,0
2021-06-09,50-59,99,89,0
2021-06-09,60-69,63,75,0
2021-06-09,20-29,318,327,0
2021-06-09,80-89,16,29,0
2021-06-09,0-19,2523,207,0
2021-06-10,50-59,100,95,0
2021-06-10,30-39,248,259,0
2021-06-10,80-89,15,18,0
2021-06-10,90+,<15,<15,0
2021-06-10,60-69,63,61,0
2021-06-10,70-79,26,37,0
2021-06-10,40-49,162,149,0
2021-06-10,20-29,342,307,0
2021-06-10,0-19,2242,218,0
2021-06-11,30-39,91,105,0
2021-06-11,40-49,70,66,0
2021-06-11,60-69,<15,<15,0
2021-06-11,20-29,98,113,0
2021-06-11,50-59,40,34,0
2021-06-11,0-19,939,77,0
2021-06-11,70-79,<15,<15,0
2021-06-11,80-89,<15,<15,0
2021-06-11,90+,<15,<15,0
2021-06-12,40-49,15,<15,0
2021-06-12,60-69,<15,<15,0
2021-06-12,20-29,34,34,0
2021-06-12,70-79,<15,<15,0
2021-06-12,30-39,29,20,0
2021-06-12,50-59,<15,<15,0
2021-06-12,0-19,57,16,0
2021-06-13,50-59,103,114,0
2021-06-13,0-19,2125,222,0
2021-06-13,20-29,294,311,0
2021-06-13,80-89,<15,<15,0
2021-06-13,60-69,64,53,0
2021-06-13,40-49,167,149,0
2021-06-13,30-39,254,278,0
2021-06-13,70-79,34,36,0
2021-06-13,90+,<15,<15,0
2021-06-14,0-19,1885,276,0
2021-06-14,20-29,335,358,0
2021-06-14,50-59,105,129,0
2021-06-14,70-79,28,26,0
2021-06-14,60-69,73,93,0
2021-06-14,80-89,<15,18,0
2021-06-14,30-39,279,297,0
2021-06-14,40-49,195,194,0
2021-06-14,90+,<15,<15,0
2021-06-15,20-29,344,309,0
2021-06-15,30-39,269,313,0
2021-06-15,70-79,29,48,0
2021-06-15,80-89,15,23,0
2021-06-15,0-19,1947,195,0
2021-06-15,90+,<15,<15,0
2021-06-15,40-49,180,151,0
2021-06-15,50-59,125,97,0
2021-06-15,60-69,79,75,0
2021-06-16,20-29,280,178,0
2021-06-16,80-89,<15,30,0
2021-06-16,0-19,1687,153,0
2021-06-16,50-59,121,63,0
2021-06-16,40-49,171,133,0
2021-06-16,60-69,55,56,0
2021-06-16,30-39,240,182,0
2021-06-16,90+,<15,15,0
2021-06-16,70-79,29,47,0
2021-06-17,20-29,363,262,0
2021-06-17,90+,<15,<15,0
2021-06-17,0-19,1525,191,0
2021-06-17,60-69,66,50,0
2021-06-17,80-89,16,<15,0
2021-06-17,30-39,285,258,0
2021-06-17,70-79,25,37,0
2021-06-17,40-49,201,141,0
2021-06-17,50-59,95,92,0
2021-06-18,90+,<15,0,0
2021-06-18,20-29,121,80,0
2021-06-18,30-39,132,107,0
2021-06-18,70-79,<15,<15,0
2021-06-18,50-59,42,37,0
2021-06-18,0-19,719,50,0
2021-06-18,80-89,<15,<15,0
2021-06-18,60-69,24,18,0
2021-06-18,40-49,81,57,0
2021-06-19,20-29,42,23,0
2021-06-19,80-89,<15,0,0
2021-06-19,50-59,<15,<15,0
2021-06-19,70-79,<15,<15,0
2021-06-19,30-39,19,15,0
2021-06-19,40-49,<15,18,0
2021-06-19,60-69,<15,<15,0
2021-06-19,0-19,59,<15,0
2021-06-20,70-79,34,42,0
2021-06-20,30-39,298,300,0
2021-06-20,40-49,197,198,0
2021-06-20,80-89,16,18,0
2021-06-20,90+,<15,<15,0
2021-06-20,60-69,61,78,0
2021-06-20,0-19,2146,186,0
2021-06-20,20-29,357,271,0
2021-06-20,50-59,133,137,0
2021-06-21,90+,<15,<15,0
2021-06-21,70-79,34,53,0
2021-06-21,40-49,232,128,0
2021-06-21,60-69,75,61,0
2021-06-21,30-39,448,245,0
2021-06-21,0-19,3515,248,0
2021-06-21,80-89,<15,<15,0
2021-06-21,20-29,613,262,0
2021-06-21,50-59,152,71,0
2021-06-22,40-49,240,158,0
2021-06-22,50-59,167,99,0
2021-06-22,60-69,98,47,0
2021-06-22,20-29,481,229,0
2021-06-22,30-39,376,226,0
2021-06-22,70-79,47,31,0
2021-06-22,90+,<15,<15,0
2021-06-22,0-19,5335,148,0
2021-06-22,80-89,26,<15,0
2021-06-23,70-79,50,41,0
2021-06-23,20-29,559,324,0
2021-06-23,50-59,202,110,0
2021-06-23,80-89,36,21,0
2021-06-23,0-19,8793,194,0
2021-06-23,30-39,476,228,0
2021-06-23,40-49,324,154,0
2021-06-23,60-69,125,68,0
2021-06-23,90+,<15,<15,0
2021-06-24,80-89,35,16,0
2021-06-24,0-19,9886,410,0
2021-06-24,20-29,622,299,0
2021-06-24,40-49,358,156,0
2021-06-24,60-69,122,69,0
2021-06-24,70-79,79,44,0
2021-06-24,30-39,500,233,0
2021-06-24,50-59,269,101,0
2021-06-24,90+,<15,<15,0
2021-06-25,60-69,50,24,0
2021-06-25,0-19,5980,442,0
2021-06-25,80-89,<15,<15,0
2021-06-25,70-79,18,<15,0
2021-06-25,20-29,248,75,0
2021-06-25,40-49,227,86,0
2021-06-25,30-39,282,107,0
2021-06-25,50-59,136,45,0
2021-06-26,80-89,<15,<15,0
2021-06-26,20-29,80,29,0
2021-06-26,0-19,1949,30,0
2021-06-26,50-59,34,<15,0
2021-06-26,30-39,55,31,0
2021-06-26,70-79,<15,0,0
2021-06-26,40-49,61,16,0
2021-06-26,60-69,<15,<15,0
2021-06-27,20-29,807,292,0
2021-06-27,50-59,287,139,0
2021-06-27,0-19,11004,2344,0
2021-06-27,30-39,734,268,0
2021-06-27,70-79,65,52,0
2021-06-27,40-49,432,177,0
2021-06-27,60-69,164,66,0
2021-06-27,80-89,36,18,0
2021-06-27,90+,<15,<15,0
2021-06-28,20-29,883,316,0
2021-06-28,0-19,11747,2561,0
2021-06-28,80-89,39,23,0
2021-06-28,50-59,328,105,0
2021-06-28,60-69,175,70,0
2021-06-28,30-39,633,250,0
2021-06-28,90+,<15,<15,0
2021-06-28,40-49,486,163,0
2021-06-28,70-79,70,46,0
2021-06-29,20-29,957,239,0
2021-06-29,80-89,50,24,0
2021-06-29,70-79,100,52,0
2021-06-29,60-69,201,81,0
2021-06-29,90+,<15,<15,0
2021-06-29,40-49,548,180,0
2021-06-29,0-19,13546,2590,0
2021-06-29,50-59,378,126,0
2021-06-29,30-39,764,281,0
2021-06-30,80-89,63,26,0
2021-06-30,90+,<15,<15,0
2021-06-30,20-29,887,254,0
2021-06-30,0-19,13324,2289,0
2021-06-30,50-59,351,136,0
2021-06-30,60-69,207,79,0
2021-06-30,40-49,567,164,0
2021-06-30,30-39,792,231,0
2021-06-30,70-79,107,43,0
2021-07-01,20-29,970,302,0
2021-07-01,0-19,13516,2224,0
2021-07-01,80-89,49,20,0
2021-07-01,50-59,397,127,0
2021-07-01,70-79,92,45,0
2021-07-01,90+,16,<15,0
2021-07-01,30-39,803,241,0
2021-07-01,40-49,609,164,0
2021-07-01,60-69,221,106,0
2021-07-02,20-29,503,106,0
2021-07-02,80-89,17,<15,0
2021-07-02,30-39,482,103,0
2021-07-02,40-49,332,80,0
2021-07-02,60-69,92,31,0
2021-07-02,70-79,41,19,0
2021-07-02,90+,<15,<15,0
2021-07-02,0-19,8017,1021,0
2021-07-02,50-59,209,68,0
2021-07-03,80-89,<15,0,0
2021-07-03,70-79,18,<15,0
2021-07-03,60-69,30,<15,0
2021-07-03,30-39,138,31,0
2021-07-03,40-49,119,29,0
2021-07-03,0-19,2054,105,0
2021-07-03,20-29,179,54,0
2021-07-03,50-59,61,<15,0
2021-07-04,50-59,426,119,0
2021-07-04,90+,<15,<15,0
2021-07-04,40-49,636,186,0
2021-07-04,60-69,236,100,0
2021-07-04,20-29,1010,248,0
2021-07-04,30-39,822,242,0
2021-07-04,70-79,126,57,0
2021-07-04,80-89,62,23,0
2021-07-04,0-19,14337,2111,0
2021-07-05,50-59,468,131,0
2021-07-05,20-29,1188,282,0
2021-07-05,80-89,46,<15,0
2021-07-05,0-19,14039,1878,0
2021-07-05,90+,<15,<15,0
2021-07-05,40-49,704,201,0
2021-07-05,60-69,238,95,0
2021-07-05,70-79,132,44,0
2021-07-05,30-39,901,242,0
2021-07-06,20-29,1329,366,0
2021-07-06,0-19,13877,2055,0
2021-07-06,30-39,928,321,0
2021-07-06,40-49,680,224,0
2021-07-06,70-79,143,50,0
2021-07-06,50-59,418,126,0
2021-07-06,80-89,58,19,0
2021-07-06,60-69,292,84,0
2021-07-06,90+,16,<15,0
2021-07-07,50-59,377,109,0
2021-07-07,80-89,66,25,0
2021-07-07,0-19,11987,1611,0
2021-07-07,60-69,233,94,0
2021-07-07,70-79,112,45,0
2021-07-07,90+,24,<15,0
2021-07-07,30-39,844,252,0
2021-07-07,20-29,1034,241,0
2021-07-07,40-49,700,154,0
2021-07-08,80-89,82,21,0
2021-07-08,60-69,249,80,0
2021-07-08,0-19,12655,1671,0
2021-07-08,20-29,1237,281,0
2021-07-08,90+,29,<15,0
2021-07-08,70-79,143,41,0
2021-07-08,40-49,690,206,0
2021-07-08,30-39,960,267,0
2021-07-08,50-59,412,130,0
2021-07-09,20-29,735,107,0
2021-07-09,0-19,8644,851,0
2021-07-09,50-59,298,56,0
2021-07-09,70-79,63,18,0
2021-07-09,60-69,126,52,0
2021-07-09,30-39,620,130,0
2021-07-09,90+,<15,<15,0
2021-07-09,40-49,495,102,0
2021-07-09,80-89,42,20,0
2021-07-10,50-59,139,23,0
2021-07-10,80-89,<15,0,0
2021-07-10,20-29,361,65,0
2021-07-10,0-19,3791,117,0
2021-07-10,70-79,25,<15,0
2021-07-10,40-49,238,48,0
2021-07-10,60-69,69,<15,0
2021-07-10,30-39,275,45,0
2021-07-11,20-29,300,241,0
2021-07-11,90+,0,<15,0
2021-07-11,40-49,174,152,0
2021-07-11,70-79,20,24,0
2021-07-11,80-89,<15,21,0
2021-07-11,0-19,506,1971,0
2021-07-11,50-59,102,69,0
2021-07-11,60-69,50,67,0
2021-07-11,30-39,237,228,0
2021-07-12,0-19,1162,2691,0
2021-07-12,80-89,<15,<15,0
2021-07-12,30-39,264,223,0
2021-07-12,50-59,129,93,0
2021-07-12,20-29,450,298,0
2021-07-12,60-69,70,56,0
2021-07-12,90+,<15,<15,0
2021-07-12,40-49,214,135,0
2021-07-12,70-79,25,27,0
2021-07-13,0-19,1504,4314,0
2021-07-13,20-29,537,381,0
2021-07-13,80-89,19,16,0
2021-07-13,90+,<15,<15,0
2021-07-13,50-59,137,108,0
2021-07-13,30-39,343,237,0
2021-07-13,60-69,66,53,0
2021-07-13,70-79,31,31,0
2021-07-13,40-49,209,159,0
2021-07-14,20-29,451,252,0
2021-07-14,0-19,1458,6500,0
2021-07-14,40-49,196,143,0
2021-07-14,30-39,259,257,0
2021-07-14,90+,<15,<15,0
2021-07-14,70-79,36,39,0
2021-07-14,80-89,24,24,0
2021-07-14,50-59,116,89,0
2021-07-14,60-69,78,65,0
2021-07-15,80-89,<15,23,0
2021-07-15,50-59,137,105,0
2021-07-15,30-39,288,247,0
2021-07-15,70-79,32,60,0
2021-07-15,40-49,204,187,0
2021-07-15,90+,<15,<15,0
2021-07-15,60-69,77,60,0
2021-07-15,20-29,452,308,0
2021-07-15,0-19,1661,8121,0
2021-07-16,70-79,<15,16,0
2021-07-16,60-69,24,26,0
2021-07-16,30-39,120,119,0
2021-07-16,40-49,87,120,0
2021-07-16,80-89,<15,<15,0
2021-07-16,90+,<15,<15,0
2021-07-16,20-29,182,106,0
2021-07-16,50-59,52,62,0
2021-07-16,0-19,679,5295,0
2021-07-17,50-59,<15,18,0
2021-07-17,60-69,<15,<15,0
2021-07-17,80-89,<15,0,0
2021-07-17,0-19,198,1196,0
2021-07-17,20-29,52,40,0
2021-07-17,40-49,17,20,0
2021-07-17,30-39,19,26,0
2021-07-17,70-79,<15,<15,0
2021-07-18,0-19,1205,8778,0
2021-07-18,30-39,221,257,0
2021-07-18,50-59,84,116,0
2021-07-18,20-29,269,257,0
2021-07-18,80-89,<15,20,0
2021-07-18,60-69,48,62,0
2021-07-18,90+,<15,<15,0
2021-07-18,40-49,143,160,0
2021-07-18,70-79,26,35,0
2021-07-19,50-59,117,113,0
2021-07-19,20-29,481,344,0
2021-07-19,40-49,225,176,0
2021-07-19,0-19,1838,10110,0
2021-07-19,80-89,24,25,0
2021-07-19,90+,<15,<15,0
2021-07-19,30-39,296,283,0
2021-07-19,70-79,44,39,0
2021-07-19,60-69,73,74,0
2021-07-20,80-89,25,52,0
2021-07-20,0-19,1495,10635,0
2021-07-20,60-69,73,87,0
2021-07-20,40-49,181,182,0
2021-07-20,20-29,373,317,0
2021-07-20,30-39,251,298,0
2021-07-20,70-79,44,54,0
2021-07-20,50-59,103,113,0
2021-07-20,90+,<15,24,0
2021-07-21,0-19,1357,10595,0
2021-07-21,20-29,307,261,0
2021-07-21,30-39,220,291,0
2021-07-21,40-49,159,189,0
2021-07-21,80-89,21,44,0
2021-07-21,90+,<15,<15,0
2021-07-21,70-79,36,72,0
2021-07-21,60-69,53,100,0
2021-07-21,50-59,116,138,0
2021-07-22,90+,<15,<15,0
2021-07-22,80-89,16,35,0
2021-07-22,20-29,388,285,0
2021-07-22,0-19,1643,11818,0
2021-07-22,50-59,139,174,0
2021-07-22,30-39,278,366,0
2021-07-22,40-49,210,268,0
2021-07-22,70-79,36,53,0
2021-07-22,60-69,81,91,0
2021-07-23,0-19,1262,7472,0
2021-07-23,80-89,<15,<15,0
2021-07-23,20-29,208,145,0
2021-07-23,30-39,202,199,0
2021-07-23,70-79,<15,23,0
2021-07-23,90+,<15,<15,0
2021-07-23,60-69,39,37,0
2021-07-23,50-59,70,84,0
2021-07-23,40-49,130,95,0
2021-07-24,80-89,0,<15,0
2021-07-24,20-29,71,86,0
2021-07-24,0-19,390,1204,0
2021-07-24,50-59,18,<15,0
2021-07-24,30-39,50,41,0
2021-07-24,60-69,<15,<15,0
2021-07-24,40-49,40,43,0
2021-07-24,70-79,<15,<15,0
2021-07-25,20-29,532,428,0
2021-07-25,0-19,2804,13885,0
2021-07-25,80-89,27,39,0
2021-07-25,90+,<15,<15,0
2021-07-25,60-69,117,113,0
2021-07-25,70-79,62,80,0
2021-07-25,30-39,374,418,0
2021-07-25,40-49,270,253,0
2021-07-25,50-59,157,175,0
2021-07-26,90+,<15,<15,0
2021-07-26,30-39,419,372,0
2021-07-26,20-29,588,503,0
2021-07-26,80-89,24,34,0
2021-07-26,0-19,3382,11829,0
2021-07-26,50-59,172,171,0
2021-07-26,70-79,54,75,0
2021-07-26,60-69,105,114,0
2021-07-26,40-49,303,248,0
2021-07-27,20-29,688,614,0
2021-07-27,80-89,27,32,0
2021-07-27,50-59,188,190,0
2021-07-27,90+,15,15,0
2021-07-27,70-79,51,83,0
2021-07-27,30-39,459,474,0
2021-07-27,40-49,338,281,0
2021-07-27,60-69,103,137,0
2021-07-27,0-19,3528,11574,0
2021-07-28,70-79,45,87,0
2021-07-28,30-39,387,431,0
2021-07-28,80-89,43,50,0
2021-07-28,90+,<15,32,0
2021-07-28,40-49,255,258,0
2021-07-28,60-69,83,123,0
2021-07-28,20-29,464,403,0
2021-07-28,0-19,2456,10617,0
2021-07-28,50-59,160,197,0
2021-07-29,90+,<15,27,0
2021-07-29,70-79,61,103,0
2021-07-29,40-49,303,363,0
2021-07-29,30-39,452,551,0
2021-07-29,60-69,86,161,0
2021-07-29,20-29,518,524,0
2021-07-29,50-59,190,188,0
2021-07-29,80-89,27,56,0
2021-07-29,0-19,2928,12016,0
2021-07-30,60-69,51,88,1909
2021-07-30,50-59,130,148,0
2021-07-30,0-19,1641,9520,0
2021-07-30,80-89,<15,25,446
2021-07-30,20-29,268,306,0
2021-07-30,70-79,32,38,1597
2021-07-30,90+,<15,<15,58
2021-07-30,40-49,180,233,0
2021-07-30,30-39,234,343,0
2021-07-31,20-29,133,157,0
2021-07-31,50-59,39,50,0
2021-07-31,0-19,995,2979,0
2021-07-31,80-89,<15,<15,646
2021-07-31,70-79,<15,17,2449
2021-07-31,30-39,101,136,0
2021-07-31,40-49,62,88,0
2021-07-31,60-69,20,42,2923
2021-07-31,90+,0,<15,90
2021-08-01,20-29,278,159,0
2021-08-01,80-89,62,28,5203
2021-08-01,0-19,2104,2745,0
2021-08-01,50-59,81,51,0
2021-08-01,70-79,47,49,12794
2021-08-01,40-49,160,71,0
2021-08-01,60-69,61,67,11932
2021-08-01,30-39,198,106,0
2021-08-01,90+,34,<15,944
2021-08-02,0-19,2076,2175,0
2021-08-02,80-89,31,44,9788
2021-08-02,20-29,334,245,0
2021-08-02,30-39,203,160,0
2021-08-02,70-79,56,83,24001
2021-08-02,90+,16,15,2125
2021-08-02,40-49,133,100,0
2021-08-02,50-59,108,91,0
2021-08-02,60-69,82,124,22339
2021-08-03,20-29,379,320,0
2021-08-03,0-19,2186,2091,0
2021-08-03,50-59,103,88,0
2021-08-03,70-79,70,117,32003
2021-08-03,30-39,252,211,0
2021-08-03,60-69,92,171,30288
2021-08-03,80-89,37,42,13404
2021-08-03,40-49,171,110,0
2021-08-03,90+,<15,21,2965
2021-08-04,20-29,323,252,0
2021-08-04,0-19,2368,2004,0
2021-08-04,70-79,68,139,32387
2021-08-04,60-69,98,188,31399
2021-08-04,30-39,262,218,0
2021-08-04,40-49,173,142,0
2021-08-04,90+,<15,18,2894
2021-08-04,80-89,35,60,13719
2021-08-04,50-59,122,74,0
2021-08-05,70-79,89,159,35148
2021-08-05,30-39,302,242,0
2021-08-05,90+,16,22,3011
2021-08-05,0-19,2987,2196,0
2021-08-05,80-89,56,78,14287
2021-08-05,20-29,471,279,0
2021-08-05,50-59,145,107,0
2021-08-05,40-49,224,149,0
2021-08-05,60-69,135,224,35555
2021-08-06,20-29,152,116,0
2021-08-06,40-49,110,71,0
2021-08-06,90+,<15,<15,1442
2021-08-06,70-79,47,66,16829
2021-08-06,60-69,68,135,19271
2021-08-06,80-89,21,29,6915
2021-08-06,50-59,65,62,0
2021-08-06,30-39,150,112,0
2021-08-06,0-19,1735,1111,0
2021-08-07,40-49,37,31,0
2021-08-07,70-79,18,37,10478
2021-08-07,60-69,25,66,11980
2021-08-07,0-19,687,314,0
2021-08-07,90+,<15,<15,743
2021-08-07,80-89,<15,15,3906
2021-08-07,30-39,74,36,0
2021-08-07,20-29,87,75,0
2021-08-07,50-59,35,27,0
2021-08-08,90+,24,<15,2544
2021-08-08,30-39,316,234,0
2021-08-08,70-79,87,159,30483
2021-08-08,50-59,160,121,0
2021-08-08,60-69,169,257,33244
2021-08-08,40-49,272,145,0
2021-08-08,0-19,3481,1744,0
2021-08-08,80-89,54,73,12864
2021-08-08,20-29,419,265,0
2021-08-09,50-59,162,99,0
2021-08-09,20-29,480,328,0
2021-08-09,80-89,62,76,12464
2021-08-09,70-79,101,165,28454
2021-08-09,90+,17,<15,2671
2021-08-09,40-49,271,166,0
2021-08-09,30-39,360,222,0
2021-08-09,60-69,174,268,31615
2021-08-09,0-19,3667,1585,0
2021-08-10,40-49,331,166,505
2021-08-10,30-39,454,252,93
2021-08-10,70-79,125,218,27279
2021-08-10,80-89,63,106,12315
2021-08-10,60-69,166,287,31749
2021-08-10,20-29,615,338,0
2021-08-10,0-19,3526,1525,0
2021-08-10,50-59,215,154,936
2021-08-10,90+,23,21,2418
2021-08-11,50-59,243,142,1070
2021-08-11,90+,19,<15,2144
2021-08-11,60-69,227,243,26395
2021-08-11,40-49,344,182,591
2021-08-11,80-89,70,68,10131
2021-08-11,0-19,3569,1459,0
2021-08-11,20-29,568,295,0
2021-08-11,30-39,443,268,84
2021-08-11,70-79,139,159,22106
2021-08-12,50-59,297,170,829
2021-08-12,80-89,74,78,9496
2021-08-12,20-29,544,357,0
2021-08-12,0-19,4721,1711,0
2021-08-12,40-49,400,183,465
2021-08-12,30-39,559,264,83
2021-08-12,90+,27,17,2098
2021-08-12,60-69,225,257,26064
2021-08-12,70-79,138,157,20311
2021-08-13,20-29,279,194,0
2021-08-13,0-19,2694,1041,0
2021-08-13,70-79,58,71,8234
2021-08-13,30-39,265,177,85
2021-08-13,40-49,189,120,357
2021-08-13,50-59,124,167,16719
2021-08-13,60-69,103,146,13533
2021-08-13,90+,<15,<15,903
2021-08-13,80-89,34,26,3930
2021-08-14,50-59,123,169,27002
2021-08-14,20-29,192,95,0
2021-08-14,80-89,20,<15,2237
2021-08-14,0-19,1499,286,0
2021-08-14,40-49,125,56,372
2021-08-14,90+,<15,<15,491
2021-08-14,30-39,144,54,101
2021-08-14,70-79,52,35,5226
2021-08-14,60-69,70,58,8987
2021-08-15,20-29,643,417,0
2021-08-15,80-89,72,84,6567
2021-08-15,0-19,4710,2438,0
2021-08-15,60-69,274,270,21599
2021-08-15,30-39,564,347,1516
2021-08-15,90+,<15,20,1380
2021-08-15,70-79,125,167,13512
2021-08-15,40-49,423,242,2974
2021-08-15,50-59,342,471,50175
2021-08-16,0-19,4235,2465,0
2021-08-16,20-29,729,419,0
2021-08-16,80-89,68,51,5957
2021-08-16,30-39,579,339,1975
2021-08-16,70-79,177,156,11960
2021-08-16,60-69,248,294,18541
2021-08-16,90+,15,15,1304
2021-08-16,40-49,489,279,3266
2021-08-16,50-59,426,599,46222
2021-08-17,20-29,705,514,0
2021-08-17,80-89,85,91,4876
2021-08-17,0-19,4657,2721,0
2021-08-17,50-59,430,521,42918
2021-08-17,90+,22,20,1121
2021-08-17,40-49,539,302,4460
2021-08-17,60-69,263,290,17077
2021-08-17,70-79,179,168,10273
2021-08-17,30-39,678,399,2308
2021-08-18,20-29,784,445,0
2021-08-18,40-49,532,304,3629
2021-08-18,30-39,718,385,2034
2021-08-18,90+,17,<15,980
2021-08-18,0-19,5593,2428,0
2021-08-18,80-89,73,53,4151
2021-08-18,70-79,139,143,8554
2021-08-18,50-59,487,466,35286
2021-08-18,60-69,278,266,14360
2021-08-19,80-89,83,68,3522
2021-08-19,20-29,870,517,0
2021-08-19,0-19,6651,2779,0
2021-08-19,70-79,162,162,7269
2021-08-19,50-59,501,503,33942
2021-08-19,30-39,791,397,2217
2021-08-19,90+,27,20,773
2021-08-19,40-49,639,378,4194
2021-08-19,60-69,322,301,13741
2021-08-20,0-19,3220,1388,0
2021-08-20,20-29,354,259,0
2021-08-20,80-89,30,16,1418
2021-08-20,90+,<15,<15,295
2021-08-20,70-79,71,58,2968
2021-08-20,40-49,310,298,26265
2021-08-20,60-69,127,112,6697
2021-08-20,30-39,348,236,1286
2021-08-20,50-59,258,335,21077
2021-08-21,30-39,178,115,1450
2021-08-21,90+,<15,<15,137
2021-08-21,40-49,223,218,31546
2021-08-21,70-79,29,30,1442
2021-08-21,80-89,<15,<15,666
2021-08-21,20-29,242,155,0
2021-08-21,0-19,2621,719,0
2021-08-21,60-69,50,82,3119
2021-08-21,50-59,136,168,11947
2021-08-22,80-89,87,55,2708
2021-08-22,60-69,294,222,10538
2021-08-22,90+,23,15,575
2021-08-22,40-49,782,565,51317
2021-08-22,70-79,146,129,5945
2021-08-22,30-39,773,331,5827
2021-08-22,50-59,486,394,25919
2021-08-22,20-29,921,365,0
2021-08-22,0-19,6378,2687,0
2021-08-23,40-49,883,538,43588
2021-08-23,70-79,150,136,5010
2021-08-23,60-69,274,229,8967
2021-08-23,30-39,902,335,8860
2021-08-23,90+,28,<15,566
2021-08-23,80-89,72,59,2438
2021-08-23,20-29,958,372,0
2021-08-23,0-19,7190,2263,0
2021-08-23,50-59,531,388,21332
2021-08-24,70-79,159,127,4608
2021-08-24,90+,17,<15,540
2021-08-24,30-39,1000,365,18707
2021-08-24,50-59,541,419,19167
2021-08-24,40-49,856,556,40534
2021-08-24,60-69,297,243,8027
2021-08-24,0-19,7826,2358,0
2021-08-24,80-89,73,68,2080
2021-08-24,20-29,1038,464,0
2021-08-25,50-59,490,391,14902
2021-08-25,30-39,1082,462,35142
2021-08-25,40-49,854,468,32407
2021-08-25,90+,18,<15,462
2021-08-25,70-79,149,127,3619
2021-08-25,60-69,259,246,6477
2021-08-25,80-89,59,44,1707
2021-08-25,20-29,1044,388,0
2021-08-25,0-19,5775,2234,0
2021-08-26,30-39,1123,496,34289
2021-08-26,40-49,842,509,34400
2021-08-26,70-79,143,117,3035
2021-08-26,60-69,220,223,6422
2021-08-26,50-59,470,403,16216
2021-08-26,20-29,1128,411,0
2021-08-26,90+,<15,<15,296
2021-08-26,80-89,55,40,1450
2021-08-26,0-19,6168,2753,0
2021-08-27,40-49,346,261,20826
2021-08-27,60-69,97,90,3017
2021-08-27,50-59,180,190,8802
2021-08-27,90+,<15,<15,101
2021-08-27,70-79,43,37,1204
2021-08-27,30-39,402,264,19941
2021-08-27,0-19,2855,1652,0
2021-08-27,80-89,19,19,512
2021-08-27,20-29,367,170,0
2021-08-28,50-59,111,139,4896
2021-08-28,0-19,2743,707,0
2021-08-28,20-29,248,135,0
2021-08-28,80-89,<15,<15,289
2021-08-28,70-79,24,30,722
2021-08-28,30-39,262,170,13015
2021-08-28,90+,<15,0,61
2021-08-28,60-69,54,61,1656
2021-08-28,40-49,249,179,11728
2021-08-29,20-29,1183,543,9228
2021-08-29,0-19,6581,3525,1546
2021-08-29,50-59,457,330,10474
2021-08-29,40-49,787,522,22200
2021-08-29,70-79,117,146,2566
2021-08-29,30-39,969,545,27029
2021-08-29,60-69,237,210,4828
2021-08-29,90+,18,<15,260
2021-08-29,80-89,57,50,1158
2021-08-30,50-59,576,402,10809
2021-08-30,0-19,7414,4003,9420
2021-08-30,80-89,57,44,1214
2021-08-30,20-29,1597,823,35441
2021-08-30,30-39,1397,669,28903
2021-08-30,70-79,132,137,2476
2021-08-30,90+,<15,<15,317
2021-08-30,60-69,264,229,4815
2021-08-30,40-49,952,597,22263
2021-08-31,20-29,1473,926,39583
2021-08-31,80-89,44,59,1177
2021-08-31,0-19,7633,3456,9884
2021-08-31,50-59,441,410,10078
2021-08-31,60-69,227,254,4652
2021-08-31,30-39,1302,595,26203
2021-08-31,70-79,146,167,2368
2021-08-31,90+,<15,<15,267
2021-08-31,40-49,887,541,20286
2021-09-01,20-29,1802,1068,44023
2021-09-01,0-19,4487,2873,12315
2021-09-01,80-89,48,57,887
2021-09-01,90+,<15,<15,247
2021-09-01,40-49,776,497,17075
2021-09-01,60-69,229,276,3818
2021-09-01,30-39,1171,637,23715
2021-09-01,70-79,123,160,1940
2021-09-01,50-59,458,332,7955
2021-09-02,30-39,1199,598,25220
2021-09-02,90+,22,<15,224
2021-09-02,20-29,1838,1094,37985
2021-09-02,50-59,488,384,9120
2021-09-02,0-19,4137,4010,12224
2021-09-02,80-89,65,58,795
2021-09-02,70-79,121,132,1804
2021-09-02,60-69,226,250,3850
2021-09-02,40-49,762,538,19932
2021-09-03,80-89,<15,17,306
2021-09-03,20-29,525,488,16694
2021-09-03,40-49,322,297,12108
2021-09-03,30-39,438,335,15768
2021-09-03,90+,<15,<15,63
2021-09-03,70-79,40,60,819
2021-09-03,50-59,150,230,5133
2021-09-03,60-69,71,99,1946
2021-09-03,0-19,2167,2482,5909
2021-09-04,60-69,43,71,978
2021-09-04,30-39,241,189,7477
2021-09-04,70-79,21,19,422
2021-09-04,80-89,<15,<15,187
2021-09-04,90+,<15,<15,47
2021-09-04,40-49,185,157,5757
2021-09-04,0-19,1833,1149,3775
2021-09-04,50-59,96,141,2711
2021-09-04,20-29,250,224,8524
2021-09-05,60-69,202,202,2520
2021-09-05,30-39,885,448,14793
2021-09-05,40-49,614,383,10122
2021-09-05,70-79,126,104,1415
2021-09-05,50-59,370,280,5122
2021-09-05,20-29,1286,873,28727
2021-09-05,0-19,3549,4071,9610
2021-09-05,80-89,48,38,612
2021-09-05,90+,<15,<15,155
2021-09-06,50-59,137,116,2057
2021-09-06,60-69,65,72,807
2021-09-06,30-39,335,209,5139
2021-09-06,90+,<15,<15,28
2021-09-06,70-79,38,42,363
2021-09-06,40-49,272,166,3894
2021-09-06,0-19,1509,1664,2961
2021-09-06,20-29,435,323,7322
2021-09-06,80-89,17,22,144
2021-09-07,30-39,118,75,1336
2021-09-07,50-59,47,35,620
2021-09-07,20-29,160,108,1396
2021-09-07,80-89,<15,<15,37
2021-09-07,0-19,760,470,436
2021-09-07,70-79,<15,<15,139
2021-09-07,40-49,60,72,1093
2021-09-07,60-69,15,25,282
2021-09-07,90+,0,0,<15
2021-09-08,20-29,200,154,1752
2021-09-08,0-19,857,725,620
2021-09-08,40-49,97,70,1317
2021-09-08,30-39,115,78,1612
2021-09-08,70-79,<15,16,143
2021-09-08,60-69,24,25,338
2021-09-08,50-59,53,42,723
2021-09-08,90+,0,0,<15
2021-09-08,80-89,<15,<15,60
2021-09-09,80-89,54,88,661
2021-09-09,0-19,3658,8430,7578
2021-09-09,30-39,871,927,17444
2021-09-09,40-49,633,752,13754
2021-09-09,20-29,1254,1043,21936
2021-09-09,90+,15,19,171
2021-09-09,70-79,116,254,1665
2021-09-09,50-59,358,563,7049
2021-09-09,60-69,193,385,3314
2021-09-10,80-89,32,26,268
2021-09-10,20-29,442,411,10180
2021-09-10,0-19,1821,3331,3487
2021-09-10,50-59,130,214,3714
2021-09-10,70-79,48,65,665
2021-09-10,30-39,394,402,10198
2021-09-10,90+,<15,<15,49
2021-09-10,40-49,289,341,7691
2021-09-10,60-69,75,134,1553
2021-09-11,20-29,214,181,3893
2021-09-11,0-19,1434,1753,1544
2021-09-11,30-39,197,160,3682
2021-09-11,40-49,128,158,3075
2021-09-11,60-69,37,48,602
2021-09-11,70-79,20,40,263
2021-09-11,90+,0,<15,20
2021-09-11,80-89,<15,<15,106
2021-09-11,50-59,74,94,1564
2021-09-12,90+,<15,<15,180
2021-09-12,30-39,793,640,11844
2021-09-12,70-79,86,173,1394
2021-09-12,0-19,3083,5567,5870
2021-09-12,80-89,45,77,675
2021-09-12,20-29,1182,947,18076
2021-09-12,50-59,286,360,4673
2021-09-12,60-69,162,269,2599
2021-09-12,40-49,525,483,8627
2021-09-13,30-39,753,684,10621
2021-09-13,60-69,168,327,2188
2021-09-13,70-79,105,205,1141
2021-09-13,90+,18,19,187
2021-09-13,20-29,1080,867,15611
2021-09-13,80-89,39,72,591
2021-09-13,50-59,320,404,4156
2021-09-13,40-49,569,519,8112
2021-09-13,0-19,2650,5056,5113
2021-09-14,40-49,485,511,9042
2021-09-14,30-39,614,642,11129
2021-09-14,60-69,133,278,2259
2021-09-14,0-19,2594,4611,4646
2021-09-14,90+,<15,15,160
2021-09-14,80-89,36,72,512
2021-09-14,50-59,252,369,5177
2021-09-14,70-79,69,157,1166
2021-09-14,20-29,800,685,14577
2021-09-15,50-59,92,151,2151
2021-09-15,90+,<15,<15,21
2021-09-15,20-29,267,268,4181
2021-09-15,30-39,255,241,4062
2021-09-15,70-79,16,36,323
2021-09-15,40-49,168,208,3746
2021-09-15,60-69,49,109,873
2021-09-15,0-19,865,1617,1126
2021-09-15,80-89,<15,17,129
2021-09-16,50-59,<15,19,259
2021-09-16,20-29,59,54,484
2021-09-16,90+,0,0,<15
2021-09-16,70-79,<15,<15,32
2021-09-16,80-89,<15,<15,<15
2021-09-16,60-69,<15,<15,82
2021-09-16,30-39,39,32,375
2021-09-16,40-49,32,34,357
2021-09-16,0-19,162,327,114
2021-09-17,70-79,32,118,755
2021-09-17,30-39,487,585,11465
2021-09-17,40-49,411,469,8909
2021-09-17,80-89,17,52,244
2021-09-17,60-69,102,231,1757
2021-09-17,20-29,597,570,11176
2021-09-17,0-19,1846,4555,4000
2021-09-17,50-59,197,345,4420
2021-09-17,90+,0,<15,45
2021-09-18,90+,<15,<15,23
2021-09-18,40-49,176,188,2793
2021-09-18,60-69,31,72,623
2021-09-18,50-59,84,110,1462
2021-09-18,20-29,231,210,3100
2021-09-18,80-89,<15,16,102
2021-09-18,0-19,1476,2032,1155
2021-09-18,30-39,237,215,3220
2021-09-18,70-79,<15,50,267
2021-09-19,60-69,182,396,2425
2021-09-19,50-59,367,459,4260
2021-09-19,20-29,1255,1048,13595
2021-09-19,80-89,41,101,593
2021-09-19,0-19,2620,6885,4558
2021-09-19,30-39,854,842,9782
2021-09-19,70-79,87,223,1359
2021-09-19,90+,<15,21,143
2021-09-19,40-49,598,694,7438
2021-09-20,20-29,485,445,4594
2021-09-20,70-79,41,73,482
2021-09-20,30-39,374,398,3959
2021-09-20,50-59,181,239,1790
2021-09-20,80-89,15,19,234
2021-09-20,0-19,1760,2965,1516
2021-09-20,40-49,315,292,3008
2021-09-20,60-69,56,143,982
2021-09-20,90+,<15,<15,40
2021-09-21,20-29,188,160,879
2021-09-21,0-19,829,1538,285
2021-09-21,80-89,<15,<15,45
2021-09-21,30-39,125,105,860
2021-09-21,50-59,47,54,391
2021-09-21,90+,<15,<15,<15
2021-09-21,40-49,79,94,658
2021-09-21,60-69,22,26,179
2021-09-21,70-79,<15,<15,100
2021-09-22,20-29,788,796,6414
2021-09-22,0-19,1983,4209,2003
2021-09-22,80-89,33,62,450
2021-09-22,60-69,132,300,1701
2021-09-22,90+,<15,17,119
2021-09-22,30-39,560,684,5921
2021-09-22,40-49,424,547,4595
2021-09-22,70-79,81,191,927
2021-09-22,50-59,266,384,2802
2021-09-23,0-19,1911,3125,1973
2021-09-23,20-29,802,707,6697
2021-09-23,80-89,29,74,413
2021-09-23,90+,<15,16,123
2021-09-23,60-69,144,220,1890
2021-09-23,70-79,64,144,954
2021-09-23,40-49,489,524,5447
2021-09-23,30-39,639,635,6805
2021-09-23,50-59,319,388,3383
2021-09-24,90+,<15,<15,49
2021-09-24,20-29,510,392,6780
2021-09-24,80-89,<15,19,174
2021-09-24,0-19,1565,2424,2054
2021-09-24,50-59,188,273,3360
2021-09-24,60-69,85,150,1330
2021-09-24,30-39,420,420,7288
2021-09-24,70-79,33,63,507
2021-09-24,40-49,369,362,6076
2021-09-25,40-49,150,166,2277
2021-09-25,70-79,15,20,168
2021-09-25,30-39,163,159,2579
2021-09-25,20-29,219,204,2646
2021-09-25,80-89,<15,<15,60
2021-09-25,0-19,1409,1494,916
2021-09-25,90+,0,0,<15
2021-09-25,50-59,90,110,1222
2021-09-25,60-69,28,59,496
2021-09-26,80-89,41,54,421
2021-09-26,0-19,2686,3279,3024
2021-09-26,50-59,394,426,4139
2021-09-26,20-29,937,685,9232
2021-09-26,70-79,70,123,1014
2021-09-26,30-39,750,589,8862
2021-09-26,40-49,595,528,7212
2021-09-26,60-69,176,236,2109
2021-09-26,90+,<15,<15,123
2021-09-27,0-19,2139,2212,2775
2021-09-27,20-29,810,548,8077
2021-09-27,90+,<15,<15,34
2021-09-27,80-89,31,33,210
2021-09-27,40-49,491,443,5989
2021-09-27,30-39,669,503,7556
2021-09-27,60-69,151,200,1543
2021-09-27,70-79,58,110,661
2021-09-27,50-59,336,336,3482
2021-09-28,40-49,147,107,1199
2021-09-28,30-39,209,121,1524
2021-09-28,70-79,<15,22,98
2021-09-28,20-29,234,167,1715
2021-09-28,90+,0,<15,<15
2021-09-28,60-69,27,27,284
2021-09-28,80-89,<15,<15,28
2021-09-28,0-19,726,640,544
2021-09-28,50-59,93,58,758
2021-09-29,80-89,48,65,644
2021-09-29,50-59,776,671,6764
2021-09-29,20-29,1874,1200,16270
2021-09-29,40-49,1200,927,11265
2021-09-29,30-39,1564,1010,14613
2021-09-29,90+,<15,21,151
2021-09-29,60-69,301,506,3434
2021-09-29,70-79,105,242,1545
2021-09-29,0-19,3825,3645,5415
2021-09-30,70-79,108,240,1695
2021-09-30,60-69,406,489,4372
2021-09-30,40-49,1494,935,15751
2021-09-30,30-39,2020,1074,20697
2021-09-30,80-89,62,92,685
2021-09-30,90+,<15,19,170
2021-09-30,20-29,2477,1299,20536
2021-09-30,0-19,3560,3605,6446
2021-09-30,50-59,936,727,9044
2021-10-01,50-59,414,325,5218
2021-10-01,60-69,193,172,2120
2021-10-01,40-49,849,442,9682
2021-10-01,0-19,1564,1678,3551
2021-10-01,20-29,1025,552,11712
2021-10-01,80-89,16,30,254
2021-10-01,30-39,1027,494,13067
2021-10-01,90+,<15,<15,42
2021-10-01,70-79,54,82,688
2021-10-02,50-59,227,140,2628
2021-10-02,80-89,<15,17,80
2021-10-02,30-39,515,248,5829
2021-10-02,60-69,100,66,897
2021-10-02,70-79,23,27,256
2021-10-02,40-49,427,247,4744
2021-10-02,90+,<15,0,17
2021-10-02,20-29,594,312,5892
2021-10-02,0-19,977,1034,1996
2021-10-03,30-39,2095,901,16920
2021-10-03,50-59,938,623,7766
2021-10-03,20-29,2814,1246,20551
2021-10-03,80-89,66,70,637
2021-10-03,90+,18,23,153
2021-10-03,0-19,3585,2978,6234
2021-10-03,40-49,1621,809,12714
2021-10-03,70-79,169,203,1610
2021-10-03,60-69,456,373,3927
2021-10-04,0-19,2959,2717,4760
2021-10-04,20-29,2644,1168,15816
2021-10-04,80-89,72,87,611
2021-10-04,40-49,1410,784,8817
2021-10-04,60-69,365,319,2671
2021-10-04,50-59,901,567,5324
2021-10-04,90+,20,27,177
2021-10-04,70-79,120,179,1192
2021-10-04,30-39,1863,845,12322
2021-10-05,0-19,2731,2322,3733
2021-10-05,20-29,2035,862,12572
2021-10-05,80-89,56,58,496
2021-10-05,90+,17,<15,149
2021-10-05,30-39,1465,639,9704
2021-10-05,70-79,123,147,954
2021-10-05,60-69,312,235,1892
2021-10-05,40-49,1065,548,6662
2021-10-05,50-59,672,415,4104
2021-10-06,80-89,58,46,426
2021-10-06,90+,18,<15,153
2021-10-06,20-29,1933,765,10576
2021-10-06,0-19,2333,1662,3405
2021-10-06,50-59,550,336,3233
2021-10-06,70-79,115,94,791
2021-10-06,60-69,268,200,1633
2021-10-06,30-39,1422,529,8063
2021-10-06,40-49,945,451,5562
2021-10-07,0-19,1957,1422,3452
2021-10-07,80-89,52,47,359
2021-10-07,20-29,1884,794,10602
2021-10-07,70-79,76,91,697
2021-10-07,30-39,1243,578,8053
2021-10-07,90+,<15,<15,105
2021-10-07,60-69,244,194,1475
2021-10-07,40-49,952,487,5736
2021-10-07,50-59,541,326,3348
2021-10-08,90+,<15,<15,30
2021-10-08,30-39,595,321,4922
2021-10-08,70-79,19,38,292
2021-10-08,40-49,443,272,3373
2021-10-08,20-29,824,392,5874
2021-10-08,0-19,896,1273,1909
2021-10-08,80-89,18,<15,119
2021-10-08,50-59,213,171,1839
2021-10-08,60-69,93,85,724
2021-10-09,60-69,34,29,291
2021-10-09,40-49,165,100,1257
2021-10-09,90+,0,<15,<15
2021-10-09,80-89,<15,<15,34
2021-10-09,30-39,198,174,1602
2021-10-09,70-79,17,<15,99
2021-10-09,50-59,94,71,758
2021-10-09,0-19,492,779,848
2021-10-09,20-29,329,225,2485
2021-10-10,30-39,833,451,5002
2021-10-10,60-69,169,124,1036
2021-10-10,90+,<15,<15,78
2021-10-10,20-29,1196,612,6990
2021-10-10,0-19,1519,1824,2299
2021-10-10,80-89,22,46,286
2021-10-10,50-59,349,231,1906
2021-10-10,70-79,64,71,535
2021-10-10,40-49,532,332,3251
2021-10-11,40-49,527,285,2606
2021-10-11,30-39,736,415,3894
2021-10-11,90+,<15,<15,109
2021-10-11,70-79,77,84,430
2021-10-11,50-59,304,217,1579
2021-10-11,60-69,147,127,931
2021-10-11,20-29,1185,551,5501
2021-10-11,0-19,1215,1147,1801
2021-10-11,80-89,45,33,266
2021-10-12,50-59,330,176,1371
2021-10-12,90+,<15,<15,67
2021-10-12,80-89,22,15,208
2021-10-12,70-79,54,60,417
2021-10-12,30-39,712,398,3486
2021-10-12,60-69,130,115,757
2021-10-12,40-49,446,285,2325
2021-10-12,0-19,1295,1387,1781
2021-10-12,20-29,997,510,4794
2021-10-13,30-39,585,280,2979
2021-10-13,40-49,382,197,1986
2021-10-13,70-79,53,49,364
2021-10-13,60-69,141,92,637
2021-10-13,20-29,1000,438,4319
2021-10-13,0-19,1059,1179,1570
2021-10-13,80-89,30,26,203
2021-10-13,50-59,258,133,1256
2021-10-13,90+,<15,<15,87
2021-10-14,30-39,716,309,3945
2021-10-14,50-59,274,133,1608
2021-10-14,60-69,126,96,767
2021-10-14,20-29,1031,396,5143
2021-10-14,40-49,449,206,2635
2021-10-14,70-79,58,52,379
2021-10-14,90+,<15,<15,66
2021-10-14,80-89,31,21,191
2021-10-14,0-19,1206,1403,1640
2021-10-15,50-59,104,85,808
2021-10-15,30-39,311,192,2256
2021-10-15,70-79,20,26,115
2021-10-15,20-29,445,227,2796
2021-10-15,80-89,<15,16,63
2021-10-15,0-19,540,869,903
2021-10-15,60-69,49,49,360
2021-10-15,90+,<15,<15,19
2021-10-15,40-49,203,160,1560
2021-10-16,0-19,236,543,456
2021-10-16,20-29,211,140,1372
2021-10-16,30-39,131,88,853
2021-10-16,70-79,<15,<15,55
2021-10-16,60-69,21,<15,130
2021-10-16,40-49,73,66,712
2021-10-16,50-59,54,50,375
2021-10-16,80-89,<15,<15,17
2021-10-16,90+,<15,0,<15
2021-10-17,80-89,35,26,162
2021-10-17,30-39,523,305,3044
2021-10-17,40-49,371,234,2040
2021-10-17,20-29,901,403,4167
2021-10-17,0-19,926,1205,1206
2021-10-17,90+,<15,<15,55
2021-10-17,70-79,47,68,312
2021-10-17,50-59,209,139,1109
2021-10-17,60-69,130,102,575
2021-10-18,80-89,19,18,154
2021-10-18,20-29,728,268,3410
2021-10-18,0-19,678,756,1115
2021-10-18,50-59,179,90,820
2021-10-18,40-49,272,151,1371
2021-10-18,60-69,90,61,450
2021-10-18,70-79,43,46,286
2021-10-18,90+,<15,<15,57
2021-10-18,30-39,452,222,2253
2021-10-19,0-19,673,579,987
2021-10-19,20-29,729,228,3078
2021-10-19,40-49,254,111,1362
2021-10-19,30-39,427,140,2043
2021-10-19,70-79,43,31,250
2021-10-19,60-69,86,44,494
2021-10-19,90+,<15,<15,63
2021-10-19,80-89,22,15,158
2021-10-19,50-59,147,70,752
2021-10-20,90+,<15,<15,86
2021-10-20,70-79,58,42,278
2021-10-20,30-39,433,253,2229
2021-10-20,0-19,700,1198,1212
2021-10-20,80-89,22,23,169
2021-10-20,20-29,714,396,3174
2021-10-20,50-59,181,87,907
2021-10-20,40-49,267,168,1384
2021-10-20,60-69,76,62,481
2021-10-21,80-89,35,27,161
2021-10-21,20-29,840,531,3790
2021-10-21,90+,<15,<15,58
2021-10-21,70-79,49,61,323
2021-10-21,60-69,123,101,561
2021-10-21,40-49,363,199,1818
2021-10-21,30-39,533,315,2820
2021-10-21,0-19,878,1628,1373
2021-10-21,50-59,233,154,1063
2021-10-22,0-19,365,744,555
2021-10-22,80-89,<15,<15,59
2021-10-22,90+,0,<15,<15
2021-10-22,70-79,26,17,92
2021-10-22,40-49,153,136,998
2021-10-22,20-29,302,179,1551
2021-10-22,50-59,125,73,573
2021-10-22,60-69,42,38,238
2021-10-22,30-39,256,179,1572
2021-10-23,20-29,123,114,849
2021-10-23,80-89,<15,<15,<15
2021-10-23,0-19,247,962,381
2021-10-23,50-59,28,26,242
2021-10-23,70-79,<15,<15,25
2021-10-23,30-39,79,63,534
2021-10-23,60-69,<15,17,79
2021-10-23,40-49,55,41,390
2021-10-24,60-69,103,112,512
2021-10-24,20-29,662,375,2924
2021-10-24,30-39,414,301,2285
2021-10-24,40-49,273,206,1511
2021-10-24,70-79,54,29,300
2021-10-24,90+,<15,<15,31
2021-10-24,80-89,25,32,159
2021-10-24,0-19,826,1425,1129
2021-10-24,50-59,181,137,887
2021-10-25,80-89,26,30,152
2021-10-25,90+,<15,<15,48
2021-10-25,70-79,52,56,229
2021-10-25,30-39,394,233,1875
2021-10-25,40-49,253,180,1182
2021-10-25,60-69,96,81,441
2021-10-25,20-29,654,379,2630
2021-10-25,0-19,989,1596,1012
2021-10-25,50-59,168,119,743
2021-10-26,90+,<15,<15,48
2021-10-26,60-69,91,67,437
2021-10-26,40-49,259,142,1241
2021-10-26,0-19,896,1062,931
2021-10-26,80-89,19,23,159
2021-10-26,20-29,582,311,2530
2021-10-26,70-79,43,39,267
2021-10-26,30-39,342,222,1935
2021-10-26,50-59,157,114,794
2021-10-27,30-39,350,300,1722
2021-10-27,40-49,280,191,1147
2021-10-27,70-79,45,56,233
2021-10-27,90+,<15,25,68
2021-10-27,60-69,89,92,384
2021-10-27,50-59,165,154,719
2021-10-27,20-29,560,387,2328
2021-10-27,0-19,798,1248,983
2021-10-27,80-89,43,41,148
2021-10-28,30-39,428,380,2114
2021-10-28,70-79,37,43,229
2021-10-28,50-59,220,173,795
2021-10-28,90+,<15,<15,49
2021-10-28,0-19,753,1217,935
2021-10-28,80-89,20,35,105
2021-10-28,60-69,97,104,399
2021-10-28,40-49,338,249,1323
2021-10-28,20-29,615,481,2512
2021-10-29,60-69,26,30,182
2021-10-29,40-49,115,120,663
2021-10-29,20-29,220,182,1121
2021-10-29,0-19,294,508,460
2021-10-29,80-89,<15,<15,28
2021-10-29,50-59,48,73,332
2021-10-29,70-79,<15,<15,62
2021-10-29,30-39,155,156,1136
2021-10-29,90+,0,0,<15
2021-10-30,50-59,22,18,148
2021-10-30,60-69,<15,<15,56
2021-10-30,40-49,30,33,250
2021-10-30,70-79,<15,<15,17
2021-10-30,30-39,57,63,365
2021-10-30,20-29,111,112,595
2021-10-30,80-89,<15,<15,<15
2021-10-30,0-19,110,260,213
2021-10-31,50-59,170,166,678
2021-10-31,20-29,657,511,2639
2021-10-31,0-19,723,1070,1127
2021-10-31,80-89,16,18,111
2021-10-31,60-69,96,91,382
2021-10-31,90+,<15,<15,37
2021-10-31,70-79,34,47,213
2021-10-31,30-39,366,308,1763
2021-10-31,40-49,254,234,1149
2021-11-01,0-19,463,784,748
2021-11-01,20-29,492,455,2082
2021-11-01,80-89,17,35,92
2021-11-01,50-59,121,123,577
2021-11-01,70-79,38,43,157
2021-11-01,60-69,82,88,300
2021-11-01,40-49,177,198,848
2021-11-01,30-39,340,316,1454
2021-11-01,90+,<15,<15,30
2021-11-02,20-29,693,431,1776
2021-11-02,80-89,24,17,104
2021-11-02,0-19,535,747,694
2021-11-02,40-49,208,217,886
2021-11-02,30-39,312,288,1525
2021-11-02,90+,<15,<15,42
2021-11-02,70-79,52,51,161
2021-11-02,50-59,130,134,584
2021-11-02,60-69,81,79,307
2021-11-03,80-89,18,24,79
2021-11-03,0-19,555,747,689
2021-11-03,20-29,476,339,1572
2021-11-03,50-59,108,145,493
2021-11-03,70-79,35,32,169
2021-11-03,30-39,315,264,1243
2021-11-03,90+,<15,<15,37
2021-11-03,40-49,207,190,768
2021-11-03,60-69,53,78,275
2021-11-04,0-19,439,717,290
2021-11-04,20-29,228,218,699
2021-11-04,90+,<15,<15,<15
2021-11-04,60-69,33,35,141
2021-11-04,80-89,<15,<15,38
2021-11-04,70-79,15,18,68
2021-11-04,30-39,155,144,589
2021-11-04,40-49,119,114,415
2021-11-04,50-59,77,81,235
2021-11-05,70-79,<15,<15,<15
2021-11-05,30-39,21,17,52
2021-11-05,20-29,<15,<15,31
2021-11-05,80-89,<15,0,<15
2021-11-05,0-19,<15,<15,<15
2021-11-05,40-49,44,24,77
2021-11-05,50-59,23,<15,54
2021-11-05,60-69,<15,<15,18
2021-11-06,20-29,29,19,124
2021-11-06,80-89,0,0,<15
2021-11-06,30-39,15,<15,61
2021-11-06,40-49,<15,<15,32
2021-11-06,60-69,<15,<15,<15
2021-11-06,50-59,<15,<15,35
2021-11-06,0-19,25,49,43
